,mean_fit_time,std_fit_time,mean_score_time,std_score_time,param_boosting_type,param_bootstrap_type,param_gpu_cat_features_storage,param_grow_policy,param_l2_leaf_reg,param_learning_rate,param_max_depth,param_n_estimators,param_objective,param_task_type,params,split0_test_accuracy,split1_test_accuracy,split2_test_accuracy,split3_test_accuracy,split4_test_accuracy,mean_test_accuracy,std_test_accuracy,rank_test_accuracy,split0_test_precision,split1_test_precision,split2_test_precision,split3_test_precision,split4_test_precision,mean_test_precision,std_test_precision,rank_test_precision,split0_test_recall,split1_test_recall,split2_test_recall,split3_test_recall,split4_test_recall,mean_test_recall,std_test_recall,rank_test_recall,split0_test_roc_auc,split1_test_roc_auc,split2_test_roc_auc,split3_test_roc_auc,split4_test_roc_auc,mean_test_roc_auc,std_test_roc_auc,rank_test_roc_auc
0,3.4607298374176025,0.15639722025785924,1.4141718387603759,0.006310590274976791,Ordered,Bayesian,CpuPinnedMemory,SymmetricTree,1,0.1,2,5,Logloss,GPU,"{'boosting_type': 'Ordered', 'bootstrap_type': 'Bayesian', 'gpu_cat_features_storage': 'CpuPinnedMemory', 'grow_policy': 'SymmetricTree', 'l2_leaf_reg': 1, 'learning_rate': 0.1, 'max_depth': 2, 'n_estimators': 5, 'objective': 'Logloss', 'task_type': 'GPU'}",0.9566402700246657,0.9568971113274911,0.9537163258682246,0.950210970464135,0.9633235962349886,0.956157654783901,0.004323275878413507,94,0.9536953437379079,0.9537192213484594,0.9556714471968709,0.950149292483448,0.977646901351894,0.9581764412237159,0.009897029587402307,95,0.9598857587952746,0.9604050369985719,0.9515773075425159,0.9502726564528694,0.9483251103609452,0.9540931740300354,0.005051537382365886,94,0.9918687424065128,0.992356675895395,0.9911962050755162,0.991149996259808,0.9925338335672905,0.9918210906409044,0.0005723590434118167,94
1,3.6213420391082765,0.022828707932986816,1.4209794521331787,0.012654663238864031,Ordered,Bayesian,CpuPinnedMemory,SymmetricTree,1,0.1,2,10,Logloss,GPU,"{'boosting_type': 'Ordered', 'bootstrap_type': 'Bayesian', 'gpu_cat_features_storage': 'CpuPinnedMemory', 'grow_policy': 'SymmetricTree', 'l2_leaf_reg': 1, 'learning_rate': 0.1, 'max_depth': 2, 'n_estimators': 10, 'objective': 'Logloss', 'task_type': 'GPU'}",0.9869531351421524,0.9880558260305096,0.9866277182732879,0.9859136643946771,0.9833820188250568,0.9861864725331367,0.0015630954378141662,93,0.9817621371692782,0.9837858705443315,0.9810085974592583,0.9799923047325895,0.9817546583850931,0.9816607136581101,0.0012445278631643244,93,0.9923406465013631,0.9924704660521875,0.9924704660521875,0.992079979226175,0.985068813295248,0.9908860742254323,0.002912123256592379,93,0.9946686516491136,0.9945157476239164,0.9939373157314967,0.9940008180890313,0.9946731930178723,0.9943591452222862,0.00032412436257790543,91
2,4.3972266674041744,0.05560288142761786,1.4113782405853272,0.01035831589814279,Ordered,Bayesian,CpuPinnedMemory,SymmetricTree,1,0.1,2,25,Logloss,GPU,"{'boosting_type': 'Ordered', 'bootstrap_type': 'Bayesian', 'gpu_cat_features_storage': 'CpuPinnedMemory', 'grow_policy': 'SymmetricTree', 'l2_leaf_reg': 1, 'learning_rate': 0.1, 'max_depth': 2, 'n_estimators': 25, 'objective': 'Logloss', 'task_type': 'GPU'}",0.9898740750357004,0.9909120415449529,0.9907172995780591,0.9896137617656605,0.9900681596884129,0.9902370675225571,0.0004969942105439557,89,0.9822364217252396,0.9841249519907822,0.9833759590792839,0.9817322432294328,0.9832287799257458,0.982939671190097,0.0008522046291552912,90,0.997793067635986,0.9979228871868103,0.9983123458392834,0.9977927810958193,0.9971435990651779,0.9977929361646154,0.0003763807615554174,78,0.9959718019733954,0.9960663765913809,0.9954274425855254,0.9953218103958323,0.9958572022696812,0.995728926763163,0.0002986475534125604,88
3,5.491402196884155,0.08920202374426323,1.3970029830932618,0.006596551520179033,Ordered,Bayesian,CpuPinnedMemory,SymmetricTree,1,0.1,2,50,Logloss,GPU,"{'boosting_type': 'Ordered', 'bootstrap_type': 'Bayesian', 'gpu_cat_features_storage': 'CpuPinnedMemory', 'grow_policy': 'SymmetricTree', 'l2_leaf_reg': 1, 'learning_rate': 0.1, 'max_depth': 2, 'n_estimators': 50, 'objective': 'Logloss', 'task_type': 'GPU'}",0.9901986239127613,0.9918208373904577,0.991236611489776,0.9906523855890944,0.9915611814345991,0.9910939279633377,0.0005939041541510951,83,0.9827409869598568,0.9850211240558188,0.9842590222677245,0.9831245205829711,0.9847631241997439,0.983981755613223,0.0008991172530244655,84,0.9979228871868103,0.9988316240425809,0.9984421653901078,0.9984419631264606,0.9985717995325889,0.9984420878557098,0.00029601787653973227,47,0.9970314163481527,0.9972646538579617,0.9968564436798729,0.9966779291560114,0.9968819204717543,0.9969424727027507,0.0001963479169270013,82
4,7.838796997070313,0.10751542923846848,1.407003688812256,0.010254190163525965,Ordered,Bayesian,CpuPinnedMemory,SymmetricTree,1,0.1,2,100,Logloss,GPU,"{'boosting_type': 'Ordered', 'bootstrap_type': 'Bayesian', 'gpu_cat_features_storage': 'CpuPinnedMemory', 'grow_policy': 'SymmetricTree', 'l2_leaf_reg': 1, 'learning_rate': 0.1, 'max_depth': 2, 'n_estimators': 100, 'objective': 'Logloss', 'task_type': 'GPU'}",0.99195118784889,0.9925998052580332,0.9929243752028563,0.9924050632911392,0.9929243752028563,0.9925609613607549,0.00036380655120528757,69,0.9852734024843129,0.9866615364883929,0.9865453613531522,0.9856575745934179,0.9871679712562557,0.9862611692351063,0.0006933049326915443,73,0.9988316240425809,0.9987018044917565,0.9994807217967026,0.9993508179693587,0.9988314723448455,0.999039288129049,0.00031372647409945334,17,0.9974108895295283,0.9977730603902277,0.9972208806336704,0.9973975495017521,0.9972337412305645,0.9974072242571486,0.00019938075027626823,75
5,15.642002582550049,0.2548352311101131,1.4874009132385253,0.04900685300626949,Ordered,Bayesian,CpuPinnedMemory,SymmetricTree,1,0.1,2,250,Logloss,GPU,"{'boosting_type': 'Ordered', 'bootstrap_type': 'Bayesian', 'gpu_cat_features_storage': 'CpuPinnedMemory', 'grow_policy': 'SymmetricTree', 'l2_leaf_reg': 1, 'learning_rate': 0.1, 'max_depth': 2, 'n_estimators': 250, 'objective': 'Logloss', 'task_type': 'GPU'}",0.9926002856030118,0.9938980850373256,0.9938331710483609,0.9932489451476794,0.9938980850373256,0.9934957143747406,0.0005099743215992541,50,0.9871613814353576,0.989450662549852,0.9884437596302003,0.9876765083440308,0.9886947584789312,0.9882854140876743,0.0007980796612137308,46,0.998182526288459,0.9984421653901078,0.9993509022458782,0.9989613087509738,0.9992209815632304,0.9988315768477298,0.0004496828171394475,30,0.9980417606389379,0.9981256733483227,0.9976948012141077,0.9977703972522078,0.9976362206053193,0.9978537706117792,0.0001943305123977827,64
6,28.872430562973022,0.24547347250745402,1.46376953125,0.014899097272684713,Ordered,Bayesian,CpuPinnedMemory,SymmetricTree,1,0.1,2,500,Logloss,GPU,"{'boosting_type': 'Ordered', 'bootstrap_type': 'Bayesian', 'gpu_cat_features_storage': 'CpuPinnedMemory', 'grow_policy': 'SymmetricTree', 'l2_leaf_reg': 1, 'learning_rate': 0.1, 'max_depth': 2, 'n_estimators': 500, 'objective': 'Logloss', 'task_type': 'GPU'}",0.9929248344800727,0.994157740993184,0.9938980850373256,0.9933787731256085,0.9944173969490425,0.9937553661170467,0.0005389182006353387,40,0.9875449409347714,0.990086262392172,0.98882179108313,0.9881808838643371,0.9900900900900901,0.9889447936729001,0.0010171460309571837,40,0.9984421653901078,0.9983123458392834,0.9990912631442295,0.9987016359387172,0.9988314723448455,0.9986757765314366,0.0002771985043321673,36,0.9983331425841513,0.9982611225706578,0.9978769901942246,0.9979122093517742,0.9978022537766248,0.9980371436954865,0.00021643146111502792,56
7,54.89119215011597,1.4010645188583435,1.4868011951446534,0.03751529268940103,Ordered,Bayesian,CpuPinnedMemory,SymmetricTree,1,0.1,2,1000,Logloss,GPU,"{'boosting_type': 'Ordered', 'bootstrap_type': 'Bayesian', 'gpu_cat_features_storage': 'CpuPinnedMemory', 'grow_policy': 'SymmetricTree', 'l2_leaf_reg': 1, 'learning_rate': 0.1, 'max_depth': 2, 'n_estimators': 1000, 'objective': 'Logloss', 'task_type': 'GPU'}",0.9935090224587823,0.9942226549821487,0.9939629990262902,0.9937033430704317,0.9943524829600779,0.9939501004995461,0.0003136249446041537,36,0.9888131670309888,0.9904663746457099,0.9897039897039897,0.9888160431932125,0.9907204536667096,0.989704005648122,0.0007995553547232046,29,0.9983123458392834,0.9980527067376347,0.9983123458392834,0.9987016359387172,0.9980524539080758,0.998286297652599,0.00023795399571394676,61,0.9986193169165897,0.9984461348141818,0.9982983475093743,0.9982027610808201,0.9979974129131113,0.9983127946468155,0.0002114319017939196,45
8,3.5135383129119875,0.035365255093931645,1.444624423980713,0.02511970541143445,Ordered,Bayesian,CpuPinnedMemory,SymmetricTree,1,0.1,4,5,Logloss,GPU,"{'boosting_type': 'Ordered', 'bootstrap_type': 'Bayesian', 'gpu_cat_features_storage': 'CpuPinnedMemory', 'grow_policy': 'SymmetricTree', 'l2_leaf_reg': 1, 'learning_rate': 0.1, 'max_depth': 4, 'n_estimators': 5, 'objective': 'Logloss', 'task_type': 'GPU'}",0.9896793457094638,0.9916260954235637,0.9907172995780591,0.9895488477766958,0.9916910094125284,0.9906525195800622,0.0009160421753704705,85,0.9825997952917093,0.9882671480144405,0.985486771127665,0.9833354698115626,0.9872619660319094,0.9853902300554575,0.0021816479329860652,79,0.9970141503310399,0.9950668570686746,0.9961054134752694,0.9959750714100234,0.99623474422228,0.9960792473014572,0.0006220440877542211,88,0.9959839699229858,0.9967683915721727,0.9964666310660174,0.9962779443662377,0.9961438519958685,0.9963281577846566,0.0002712695827449954,85
9,3.838997793197632,0.094886506776536,1.4400320529937745,0.007805834827870377,Ordered,Bayesian,CpuPinnedMemory,SymmetricTree,1,0.1,4,10,Logloss,GPU,"{'boosting_type': 'Ordered', 'bootstrap_type': 'Bayesian', 'gpu_cat_features_storage': 'CpuPinnedMemory', 'grow_policy': 'SymmetricTree', 'l2_leaf_reg': 1, 'learning_rate': 0.1, 'max_depth': 4, 'n_estimators': 10, 'objective': 'Logloss', 'task_type': 'GPU'}",0.9901337141373491,0.9920804933463161,0.9921454073352808,0.9914313534566699,0.9918857513794223,0.9915353439310077,0.0007439799351290691,74,0.9828622586008441,0.9855258101703599,0.9854033290653009,0.9843869976964423,0.9860166773572803,0.9848390145780457,0.001121508992598772,81,0.9976632480851616,0.9988316240425809,0.9990912631442295,0.9987016359387172,0.9979226175019476,0.9984420777425272,0.0005508126795224512,48,0.9966271859397018,0.997387545878873,0.9971755567214182,0.9970344188340087,0.9970202688063643,0.9970489952360733,0.0002488353307226369,81
10,4.709660482406616,0.018634550199745203,1.4679385662078857,0.024977659752465374,Ordered,Bayesian,CpuPinnedMemory,SymmetricTree,1,0.1,4,25,Logloss,GPU,"{'boosting_type': 'Ordered', 'bootstrap_type': 'Bayesian', 'gpu_cat_features_storage': 'CpuPinnedMemory', 'grow_policy': 'SymmetricTree', 'l2_leaf_reg': 1, 'learning_rate': 0.1, 'max_depth': 4, 'n_estimators': 25, 'objective': 'Logloss', 'task_type': 'GPU'}",0.9905231727898222,0.9920155793573515,0.991755923401493,0.9905225576111653,0.9916260954235637,0.9912886657166791,0.0006377292595613795,79,0.9826286882104994,0.9851510496671787,0.983903934593766,0.9831202046035805,0.9846409829770895,0.9838889720104229,0.0009314400642813272,85,0.9987018044917565,0.9990912631442295,0.9998701804491756,0.9981822903142041,0.9988314723448455,0.9989354021488422,0.000553290127452862,25,0.9979335636356546,0.998145815436512,0.9977676414100163,0.9974030527584834,0.9976488283726545,0.9977797803226641,0.00025173415975950476,66
11,6.189881658554077,0.02700294966900521,1.4705223560333252,0.017275019842272088,Ordered,Bayesian,CpuPinnedMemory,SymmetricTree,1,0.1,4,50,Logloss,GPU,"{'boosting_type': 'Ordered', 'bootstrap_type': 'Bayesian', 'gpu_cat_features_storage': 'CpuPinnedMemory', 'grow_policy': 'SymmetricTree', 'l2_leaf_reg': 1, 'learning_rate': 0.1, 'max_depth': 4, 'n_estimators': 50, 'objective': 'Logloss', 'task_type': 'GPU'}",0.9922108269505387,0.9935086011035378,0.9927296332359623,0.9919506653683869,0.9933138591366439,0.9927427171590141,0.0006038552470650798,63,0.9859028578751762,0.9876844130853111,0.9856685860524632,0.9847748208802457,0.9876780901039661,0.9863417535994324,0.0011566842177439885,72,0.9987018044917565,0.9994807217967026,1.0,0.9993508179693587,0.9990911451571021,0.999324897882984,0.0004297910009323946,1,0.9980664757332239,0.9982071266045366,0.9980255444153607,0.9977155079549785,0.9976399287721824,0.9979309166960565,0.00021665524177106278,61
12,9.060044813156129,0.07491631695746784,1.4603956699371339,0.026071726712550963,Ordered,Bayesian,CpuPinnedMemory,SymmetricTree,1,0.1,4,100,Logloss,GPU,"{'boosting_type': 'Ordered', 'bootstrap_type': 'Bayesian', 'gpu_cat_features_storage': 'CpuPinnedMemory', 'grow_policy': 'SymmetricTree', 'l2_leaf_reg': 1, 'learning_rate': 0.1, 'max_depth': 4, 'n_estimators': 100, 'objective': 'Logloss', 'task_type': 'GPU'}",0.9929248344800727,0.9940279130152548,0.9935086011035378,0.9931840311587147,0.9938980850373256,0.9935086929589811,0.00041653611461605044,49,0.9872946611909651,0.988950276243094,0.9874342864469804,0.9871745543157625,0.9891975308641975,0.9880102618121999,0.0008758394627068755,54,0.9987018044917565,0.9992210826950538,0.9997403608983513,0.9993508179693587,0.9987016359387172,0.9991431403986475,0.0003988936878572198,9,0.9983956086577759,0.9984422159560196,0.9983803654182696,0.9979353011181507,0.997915614123167,0.9982138210546767,0.00023641011724857797,51
13,17.751061630249023,0.03579230415202157,1.481002187728882,0.025263650700463387,Ordered,Bayesian,CpuPinnedMemory,SymmetricTree,1,0.1,4,250,Logloss,GPU,"{'boosting_type': 'Ordered', 'bootstrap_type': 'Bayesian', 'gpu_cat_features_storage': 'CpuPinnedMemory', 'grow_policy': 'SymmetricTree', 'l2_leaf_reg': 1, 'learning_rate': 0.1, 'max_depth': 4, 'n_estimators': 250, 'objective': 'Logloss', 'task_type': 'GPU'}",0.9931195638063093,0.9945472249269718,0.9940279130152548,0.9938331710483609,0.9945472249269718,0.9940150195447737,0.0005294452255821612,34,0.9881763269502635,0.9900939148333977,0.9886991139077951,0.9888189178768796,0.9905976300875837,0.989277180731184,0.0009128730732627045,35,0.998182526288459,0.9990912631442295,0.9994807217967026,0.9989613087509738,0.9985717995325889,0.9988575239025907,0.00044520582605297543,29,0.9986888612988404,0.9986405944555556,0.9986389594910751,0.9983456940580975,0.9982963164452515,0.998522085149764,0.0001658937468824006,41
14,32.11453318595886,0.03183046150637596,1.4673492908477783,0.025358359952166547,Ordered,Bayesian,CpuPinnedMemory,SymmetricTree,1,0.1,4,500,Logloss,GPU,"{'boosting_type': 'Ordered', 'bootstrap_type': 'Bayesian', 'gpu_cat_features_storage': 'CpuPinnedMemory', 'grow_policy': 'SymmetricTree', 'l2_leaf_reg': 1, 'learning_rate': 0.1, 'max_depth': 4, 'n_estimators': 500, 'objective': 'Logloss', 'task_type': 'GPU'}",0.9936388420096066,0.994677052904901,0.9942875689711133,0.9944173969490425,0.9946121389159364,0.9943265999501198,0.00037070966310281646,24,0.9893192639299961,0.9908540512688394,0.9897106109324759,0.9899639732372619,0.9909782188426344,0.9901652236422415,0.0006478066024908131,21,0.9980527067376347,0.9985719849409321,0.9989614435934052,0.9989613087509738,0.9983121267203324,0.9985719141486558,0.00035789026061820386,39,0.9989814398152735,0.9988113892502196,0.9990640839666518,0.9987876738375985,0.9986339956040692,0.9988557164947626,0.00015164314546619456,23
15,61.09584641456604,0.1966225267072642,1.4675625324249268,0.005549440167568868,Ordered,Bayesian,CpuPinnedMemory,SymmetricTree,1,0.1,4,1000,Logloss,GPU,"{'boosting_type': 'Ordered', 'bootstrap_type': 'Bayesian', 'gpu_cat_features_storage': 'CpuPinnedMemory', 'grow_policy': 'SymmetricTree', 'l2_leaf_reg': 1, 'learning_rate': 0.1, 'max_depth': 4, 'n_estimators': 1000, 'objective': 'Logloss', 'task_type': 'GPU'}",0.9938335713358432,0.9947419668938656,0.994677052904901,0.9950665368386887,0.9945472249269718,0.9945732705800541,0.0004075228011001015,14,0.9897013388259527,0.991234854343903,0.9906012617484228,0.991492652745553,0.9909770559422532,0.990801432721217,0.0006239804384063875,16,0.9980527067376347,0.9983123458392834,0.9988316240425809,0.9987016359387172,0.9981822903142041,0.998416120574484,0.00030055866592589497,50,0.9991810144122958,0.9989191873464671,0.9992200208109066,0.9991192260934398,0.9987209521170143,0.9990320801560248,0.00018689192597042613,14
16,3.7133249759674074,0.031406181896954204,1.4393802165985108,0.007847655270958324,Ordered,Bayesian,CpuPinnedMemory,SymmetricTree,1,0.1,6,5,Logloss,GPU,"{'boosting_type': 'Ordered', 'bootstrap_type': 'Bayesian', 'gpu_cat_features_storage': 'CpuPinnedMemory', 'grow_policy': 'SymmetricTree', 'l2_leaf_reg': 1, 'learning_rate': 0.1, 'max_depth': 6, 'n_estimators': 5, 'objective': 'Logloss', 'task_type': 'GPU'}",0.9908477216668831,0.9931840311587147,0.991755923401493,0.9907172995780591,0.9922103213242454,0.9917430594258791,0.0009109019339586844,73,0.9857399794450155,0.9888059701492538,0.9871399176954733,0.9864847470716952,0.9871498329478283,0.9870640894618532,0.0010135240635785778,64,0.9961054134752694,0.9976632480851616,0.9964948721277425,0.9950662165671255,0.9974032718774344,0.9965466044265467,0.0009348418136011714,85,0.996947100209924,0.9979303540864488,0.9974868236189869,0.9972432223390221,0.997431614070983,0.9974078228650729,0.0003222436084870731,73
17,4.236805629730225,0.09138502425237267,1.4461961746215821,0.0063007445963810665,Ordered,Bayesian,CpuPinnedMemory,SymmetricTree,1,0.1,6,10,Logloss,GPU,"{'boosting_type': 'Ordered', 'bootstrap_type': 'Bayesian', 'gpu_cat_features_storage': 'CpuPinnedMemory', 'grow_policy': 'SymmetricTree', 'l2_leaf_reg': 1, 'learning_rate': 0.1, 'max_depth': 6, 'n_estimators': 10, 'objective': 'Logloss', 'task_type': 'GPU'}",0.9915617291964169,0.9933138591366439,0.9923401493021746,0.9924050632911392,0.9929892891918208,0.992522018023639,0.0006023726364714157,70,0.985760102629891,0.9888088500128633,0.9867796175073803,0.9880324282589114,0.9876701772412022,0.9874102351300497,0.001051801657660045,63,0.9975334285343372,0.9979228871868103,0.9980527067376347,0.9968839262529213,0.9984419631264606,0.997766982367633,0.0005283709393636044,80,0.99754586613378,0.9982793852924596,0.9979375091629649,0.9979565219457912,0.9976960232236423,0.9978830611517276,0.00025064619103040074,63
18,5.5830484390258786,0.057250326785298865,1.4546030044555665,0.013898364620296071,Ordered,Bayesian,CpuPinnedMemory,SymmetricTree,1,0.1,6,25,Logloss,GPU,"{'boosting_type': 'Ordered', 'bootstrap_type': 'Bayesian', 'gpu_cat_features_storage': 'CpuPinnedMemory', 'grow_policy': 'SymmetricTree', 'l2_leaf_reg': 1, 'learning_rate': 0.1, 'max_depth': 6, 'n_estimators': 25, 'objective': 'Logloss', 'task_type': 'GPU'}",0.9918862780734778,0.993638429081467,0.9931191171697501,0.9929243752028563,0.9929243752028563,0.9928985149460814,0.0005695786619686889,57,0.9852715163934426,0.9879378929808803,0.9872995509942271,0.98666837584925,0.9871679712562557,0.9868690614948111,0.0008954880322425306,67,0.9987018044917565,0.9994807217967026,0.9990912631442295,0.9993508179693587,0.9988314723448455,0.9990912159493786,0.0002960459557325032,13,0.9983313982866685,0.9985564864889738,0.9985266778839837,0.9979837685445847,0.9979172575152996,0.9982631177439021,0.0002675244562403654,46
19,7.861193084716797,0.08728051779804397,1.4620054244995118,0.036801285954360004,Ordered,Bayesian,CpuPinnedMemory,SymmetricTree,1,0.1,6,50,Logloss,GPU,"{'boosting_type': 'Ordered', 'bootstrap_type': 'Bayesian', 'gpu_cat_features_storage': 'CpuPinnedMemory', 'grow_policy': 'SymmetricTree', 'l2_leaf_reg': 1, 'learning_rate': 0.1, 'max_depth': 6, 'n_estimators': 50, 'objective': 'Logloss', 'task_type': 'GPU'}",0.9929897442554849,0.9942875689711133,0.9937033430704317,0.9937682570593963,0.994157740993184,0.9937813308699219,0.0004540537381277226,39,0.9875465399922968,0.9894587993315336,0.9883153569594247,0.988064681724846,0.9893288763178195,0.9885428508651841,0.0007388954140555329,43,0.9985719849409321,0.9992210826950538,0.9992210826950538,0.9996104907816151,0.9990911451571021,0.9991431572539513,0.0003345111191572205,5,0.9985851809305848,0.9986310122152747,0.9987649107496488,0.9983841325786967,0.9982595634550446,0.99852495998585,0.0001803982725900484,39
20,12.172001123428345,0.09181275770490162,1.4764023303985596,0.015057832632111533,Ordered,Bayesian,CpuPinnedMemory,SymmetricTree,1,0.1,6,100,Logloss,GPU,"{'boosting_type': 'Ordered', 'bootstrap_type': 'Bayesian', 'gpu_cat_features_storage': 'CpuPinnedMemory', 'grow_policy': 'SymmetricTree', 'l2_leaf_reg': 1, 'learning_rate': 0.1, 'max_depth': 6, 'n_estimators': 100, 'objective': 'Logloss', 'task_type': 'GPU'}",0.9933142931325457,0.9944173969490425,0.9939629990262902,0.9940279130152548,0.9948717948717949,0.9941188793989856,0.000516899810522702,30,0.9884318766066839,0.9899652643766885,0.9892003085626125,0.988697662471102,0.9907300115874855,0.9894050247209145,0.0008436522955160903,31,0.9983123458392834,0.9989614435934052,0.9988316240425809,0.9994806543754868,0.9990911451571021,0.9989354426015717,0.00037979022740344007,24,0.9987138797492102,0.9987931518113738,0.998884743532898,0.9984810758592166,0.9984647346420623,0.9986675171189521,0.00016792972375697328,32
21,25.663504314422607,0.1678650080188528,1.4535719871520996,0.012421127604203946,Ordered,Bayesian,CpuPinnedMemory,SymmetricTree,1,0.1,6,250,Logloss,GPU,"{'boosting_type': 'Ordered', 'bootstrap_type': 'Bayesian', 'gpu_cat_features_storage': 'CpuPinnedMemory', 'grow_policy': 'SymmetricTree', 'l2_leaf_reg': 1, 'learning_rate': 0.1, 'max_depth': 6, 'n_estimators': 250, 'objective': 'Logloss', 'task_type': 'GPU'}",0.9938335713358432,0.9945472249269718,0.994157740993184,0.9947419668938656,0.9947419668938656,0.994404494208746,0.0003563671591274298,22,0.9894493051981472,0.9914849696813315,0.9902124919510624,0.9907276239536381,0.9907276239536381,0.9905204029475636,0.0006720609563395111,20,0.9983123458392834,0.9976632480851616,0.998182526288459,0.9988314723448455,0.9988314723448455,0.998364212980519,0.0004390249801632309,52,0.9989198248239958,0.9990120179328298,0.9991766773968654,0.9988761894661565,0.9987685852059041,0.9989506589651503,0.00013747476767526773,18
22,47.66879868507385,0.15865077819461249,1.4932039260864258,0.03349510254942187,Ordered,Bayesian,CpuPinnedMemory,SymmetricTree,1,0.1,6,500,Logloss,GPU,"{'boosting_type': 'Ordered', 'bootstrap_type': 'Bayesian', 'gpu_cat_features_storage': 'CpuPinnedMemory', 'grow_policy': 'SymmetricTree', 'l2_leaf_reg': 1, 'learning_rate': 0.1, 'max_depth': 6, 'n_estimators': 500, 'objective': 'Logloss', 'task_type': 'GPU'}",0.9942879397637284,0.994677052904901,0.994677052904901,0.995196364816618,0.9948068808828302,0.9947290582545957,0.00029135079205424257,8,0.9905939956191212,0.9914871662582226,0.9911071014305968,0.9916215519463779,0.9911082474226804,0.9911836125353999,0.00035864125464389146,10,0.9980527067376347,0.9979228871868103,0.9983123458392834,0.9988314723448455,0.9985717995325889,0.9983382423282325,0.0003324292141610263,55,0.9990497454935148,0.9991278812920048,0.9994154074939963,0.9989836083180655,0.9988015878909879,0.9990756460977138,0.00020120438205003383,11
23,92.09571170806885,0.6380871543636222,1.4811841011047364,0.019935481330634514,Ordered,Bayesian,CpuPinnedMemory,SymmetricTree,1,0.1,6,1000,Logloss,GPU,"{'boosting_type': 'Ordered', 'bootstrap_type': 'Bayesian', 'gpu_cat_features_storage': 'CpuPinnedMemory', 'grow_policy': 'SymmetricTree', 'l2_leaf_reg': 1, 'learning_rate': 0.1, 'max_depth': 6, 'n_estimators': 1000, 'objective': 'Logloss', 'task_type': 'GPU'}",0.9942879397637284,0.9948068808828302,0.9951314508276533,0.9955209347614411,0.994677052904901,0.9948848518281108,0.0004173670897542733,3,0.9907204536667096,0.9914893617021276,0.9921290322580645,0.9922610602347478,0.9913592984266185,0.9915918412576537,0.0005586273841199143,3,0.9979228871868103,0.998182526288459,0.998182526288459,0.9988314723448455,0.9980524539080758,0.99823437320333,0.0003136946790861658,63,0.9991998056363864,0.9992597234793003,0.9995059204760692,0.9992883859236233,0.9989994354484505,0.9992506541927659,0.0001627041757574305,5
24,4.320279216766357,0.06387986218395902,1.4513423442840576,0.01623496678937134,Ordered,Bayesian,CpuPinnedMemory,SymmetricTree,1,0.1,8,5,Logloss,GPU,"{'boosting_type': 'Ordered', 'bootstrap_type': 'Bayesian', 'gpu_cat_features_storage': 'CpuPinnedMemory', 'grow_policy': 'SymmetricTree', 'l2_leaf_reg': 1, 'learning_rate': 0.1, 'max_depth': 8, 'n_estimators': 5, 'objective': 'Logloss', 'task_type': 'GPU'}",0.9914968194210048,0.9937033430704317,0.9929243752028563,0.9925348912690685,0.9931191171697501,0.9927557092266224,0.0007337693860698177,61,0.9856336582863007,0.9888174807197944,0.9879208429709586,0.9879099678456592,0.9881748071979435,0.9876913514041312,0.0010804126281273307,57,0.9975334285343372,0.9987018044917565,0.9980527067376347,0.9972734354713062,0.9981822903142041,0.9979487331098479,0.0005021913540258631,75,0.9973592600093477,0.9983141577844552,0.9977934468803243,0.997548176925271,0.9973590688428933,0.9976748220884583,0.00035725075469123765,70
25,5.375323867797851,0.07440167238817039,1.4410086154937745,0.008803619459525519,Ordered,Bayesian,CpuPinnedMemory,SymmetricTree,1,0.1,8,10,Logloss,GPU,"{'boosting_type': 'Ordered', 'bootstrap_type': 'Bayesian', 'gpu_cat_features_storage': 'CpuPinnedMemory', 'grow_policy': 'SymmetricTree', 'l2_leaf_reg': 1, 'learning_rate': 0.1, 'max_depth': 8, 'n_estimators': 10, 'objective': 'Logloss', 'task_type': 'GPU'}",0.9917564585226535,0.9939629990262902,0.9932489451476794,0.992794547224927,0.9931840311587147,0.9929893962160529,0.0007226689873051313,55,0.9856410256410256,0.9889488563351324,0.9880539499036609,0.9881672025723472,0.9880508801233457,0.9877723829151025,0.001117094155708396,56,0.9980527067376347,0.9990912631442295,0.9985719849409321,0.9975331082835627,0.9984419631264606,0.9983382052465639,0.0005219588793785676,59,0.9978330600797229,0.9988361412640324,0.9982925745677801,0.99829622374108,0.9979367085360281,0.9982389416377287,0.00035182092351088964,48
26,8.397221755981445,0.0651679476009994,1.4528076648712158,0.013471979723738297,Ordered,Bayesian,CpuPinnedMemory,SymmetricTree,1,0.1,8,25,Logloss,GPU,"{'boosting_type': 'Ordered', 'bootstrap_type': 'Bayesian', 'gpu_cat_features_storage': 'CpuPinnedMemory', 'grow_policy': 'SymmetricTree', 'l2_leaf_reg': 1, 'learning_rate': 0.1, 'max_depth': 8, 'n_estimators': 25, 'objective': 'Logloss', 'task_type': 'GPU'}",0.9928599247046606,0.9940279130152548,0.9940928270042194,0.9933138591366439,0.9939629990262902,0.9936515045774138,0.00048457831705123227,45,0.9869180454020777,0.988950276243094,0.9888260981248395,0.9879285989469628,0.9886962106615286,0.9882638458757004,0.000761291398479873,47,0.9989614435934052,0.9992210826950538,0.9994807217967026,0.9988314723448455,0.9993508179693587,0.999169107679873,0.00024080921144470826,3,0.9986479672134093,0.9988959944482675,0.9986064371821533,0.9984609000604194,0.9983287460500014,0.9985880089908502,0.00019087356095619408,34
27,13.278478813171386,0.10402339037777131,1.4580041885375976,0.02453342662045081,Ordered,Bayesian,CpuPinnedMemory,SymmetricTree,1,0.1,8,50,Logloss,GPU,"{'boosting_type': 'Ordered', 'bootstrap_type': 'Bayesian', 'gpu_cat_features_storage': 'CpuPinnedMemory', 'grow_policy': 'SymmetricTree', 'l2_leaf_reg': 1, 'learning_rate': 0.1, 'max_depth': 8, 'n_estimators': 50, 'objective': 'Logloss', 'task_type': 'GPU'}",0.9931844735817215,0.9944173969490425,0.9944823109380071,0.9940928270042194,0.9944823109380071,0.9941318638821995,0.000495222711391856,29,0.9876765083440308,0.9897132570399897,0.9895886889460154,0.9892016968762052,0.9899652643766885,0.9892290831165859,0.0008144865890764577,37,0.9988316240425809,0.9992210826950538,0.9994807217967026,0.9990911451571021,0.9990911451571021,0.9991431437697083,0.00021094342948233872,7,0.9987936371196211,0.9989768914794519,0.9987454428736163,0.9985910735726262,0.9985154775345261,0.9987245045159684,0.00016150108770982962,27
28,22.93539981842041,0.14714045936765144,1.4540000915527345,0.015576207137489511,Ordered,Bayesian,CpuPinnedMemory,SymmetricTree,1,0.1,8,100,Logloss,GPU,"{'boosting_type': 'Ordered', 'bootstrap_type': 'Bayesian', 'gpu_cat_features_storage': 'CpuPinnedMemory', 'grow_policy': 'SymmetricTree', 'l2_leaf_reg': 1, 'learning_rate': 0.1, 'max_depth': 8, 'n_estimators': 100, 'objective': 'Logloss', 'task_type': 'GPU'}",0.9933792029079579,0.9950016228497242,0.9947419668938656,0.9944823109380071,0.9945472249269718,0.9944304657033053,0.0005558286763347064,21,0.9883078504432738,0.9909863507597219,0.9899717150938545,0.990091365332647,0.9903450051493305,0.9899404573557655,0.0008884489320281927,27,0.9985719849409321,0.9990912631442295,0.9996105413475269,0.9989613087509738,0.9988314723448455,0.9990133141057015,0.00034447027319448845,20,0.9990629414831677,0.9990209512439097,0.999023985198616,0.9986885730781759,0.9988451841345878,0.9989283270276914,0.00014159483020206835,20
29,52.41082506179809,0.08599190290901548,1.4738056659698486,0.02614361458654302,Ordered,Bayesian,CpuPinnedMemory,SymmetricTree,1,0.1,8,250,Logloss,GPU,"{'boosting_type': 'Ordered', 'bootstrap_type': 'Bayesian', 'gpu_cat_features_storage': 'CpuPinnedMemory', 'grow_policy': 'SymmetricTree', 'l2_leaf_reg': 1, 'learning_rate': 0.1, 'max_depth': 8, 'n_estimators': 250, 'objective': 'Logloss', 'task_type': 'GPU'}",0.9941581202129041,0.9948717948717949,0.9949367088607595,0.9947419668938656,0.9947419668938656,0.994690111546638,0.00027648211486900747,9,0.9897079634632703,0.9914904589994843,0.9912382424945239,0.9909805437443628,0.9913604126370084,0.9909555242677299,0.0006460732604914948,12,0.9987018044917565,0.9983123458392834,0.9987018044917565,0.9985717995325889,0.9981822903142041,0.9984940089339179,0.00021098783983203057,45,0.9991412073528324,0.9992214366564363,0.9993080560633029,0.9990568277583124,0.9990100542899226,0.9991475164241613,0.00010807150717855922,10
30,101.09582805633545,0.2433883917806668,1.4991732120513916,0.023365375334326297,Ordered,Bayesian,CpuPinnedMemory,SymmetricTree,1,0.1,8,500,Logloss,GPU,"{'boosting_type': 'Ordered', 'bootstrap_type': 'Bayesian', 'gpu_cat_features_storage': 'CpuPinnedMemory', 'grow_policy': 'SymmetricTree', 'l2_leaf_reg': 1, 'learning_rate': 0.1, 'max_depth': 8, 'n_estimators': 500, 'objective': 'Logloss', 'task_type': 'GPU'}",0.9943528495391406,0.9950016228497242,0.9950665368386887,0.9952612788055826,0.994677052904901,0.9948718681876075,0.00032053272446941154,5,0.990216271884655,0.9917461955119938,0.9916204718318937,0.9921300477357761,0.9913592984266185,0.9914144570781873,0.0006485757768033557,5,0.9985719849409321,0.9983123458392834,0.9985719849409321,0.9984419631264606,0.9980524539080758,0.9983901465511368,0.00019437316143305195,51,0.9992837004467204,0.9993536749433737,0.9994471544589375,0.9992081041110322,0.9991095511489874,0.9992804370218102,0.00011627826834917807,4
31,198.4182755947113,0.2395858928994911,1.4947176933288575,0.018093097860639226,Ordered,Bayesian,CpuPinnedMemory,SymmetricTree,1,0.1,8,1000,Logloss,GPU,"{'boosting_type': 'Ordered', 'bootstrap_type': 'Bayesian', 'gpu_cat_features_storage': 'CpuPinnedMemory', 'grow_policy': 'SymmetricTree', 'l2_leaf_reg': 1, 'learning_rate': 0.1, 'max_depth': 8, 'n_estimators': 1000, 'objective': 'Logloss', 'task_type': 'GPU'}",0.994482669089965,0.995196364816618,0.9950665368386887,0.9953261927945473,0.994677052904901,0.9949497632889439,0.0003189656697340852,1,0.9907240401958258,0.992003095575906,0.9917472598323662,0.9923851316468766,0.9913592984266185,0.9916437651355186,0.0005685541478158509,1,0.9983123458392834,0.9984421653901078,0.9984421653901078,0.9983121267203324,0.9980524539080758,0.9983122514495815,0.0001423025304942344,60,0.9993068060684496,0.9993786882143973,0.9994750247039762,0.9992667942792964,0.9992053229858846,0.9993265272504008,9.318764561340544e-05,1
32,3.495396089553833,0.06443571173684148,1.4480062484741212,0.007188713403956131,Ordered,Bayesian,CpuPinnedMemory,SymmetricTree,2,0.1,2,5,Logloss,GPU,"{'boosting_type': 'Ordered', 'bootstrap_type': 'Bayesian', 'gpu_cat_features_storage': 'CpuPinnedMemory', 'grow_policy': 'SymmetricTree', 'l2_leaf_reg': 2, 'learning_rate': 0.1, 'max_depth': 2, 'n_estimators': 5, 'objective': 'Logloss', 'task_type': 'GPU'}",0.9566402700246657,0.9568971113274911,0.9537163258682246,0.950210970464135,0.9633235962349886,0.956157654783901,0.004323275878413507,94,0.9536953437379079,0.9537192213484594,0.9556714471968709,0.950149292483448,0.977646901351894,0.9581764412237159,0.009897029587402307,95,0.9598857587952746,0.9604050369985719,0.9515773075425159,0.9502726564528694,0.9483251103609452,0.9540931740300354,0.005051537382365886,94,0.9918687424065128,0.992356675895395,0.9911962050755162,0.991149996259808,0.9925338335672905,0.9918210906409044,0.0005723590434118167,94
33,3.6867964267730713,0.022245721415966774,1.4518023490905763,0.030221590033628357,Ordered,Bayesian,CpuPinnedMemory,SymmetricTree,2,0.1,2,10,Logloss,GPU,"{'boosting_type': 'Ordered', 'bootstrap_type': 'Bayesian', 'gpu_cat_features_storage': 'CpuPinnedMemory', 'grow_policy': 'SymmetricTree', 'l2_leaf_reg': 2, 'learning_rate': 0.1, 'max_depth': 2, 'n_estimators': 10, 'objective': 'Logloss', 'task_type': 'GPU'}",0.9869531351421524,0.9880558260305096,0.9866277182732879,0.9851996105160662,0.9862382343395002,0.9866149048603032,0.0009312095884313345,92,0.9817621371692782,0.9837858705443315,0.9810085974592583,0.9798407806882383,0.9821060762100927,0.9817006924142397,0.0013003342931187628,92,0.9923406465013631,0.9924704660521875,0.9924704660521875,0.9907816151648923,0.9905219423526357,0.9917170272246534,0.0008749245348974881,92,0.9946686516491136,0.9945153599519262,0.9939373157314967,0.9937567954264683,0.9946507417530455,0.9943057729024101,0.0003825567095037098,93
34,4.450780534744263,0.03767350947583429,1.4437989711761474,0.01045770289308492,Ordered,Bayesian,CpuPinnedMemory,SymmetricTree,2,0.1,2,25,Logloss,GPU,"{'boosting_type': 'Ordered', 'bootstrap_type': 'Bayesian', 'gpu_cat_features_storage': 'CpuPinnedMemory', 'grow_policy': 'SymmetricTree', 'l2_leaf_reg': 2, 'learning_rate': 0.1, 'max_depth': 2, 'n_estimators': 25, 'objective': 'Logloss', 'task_type': 'GPU'}",0.9898740750357004,0.9909769555339175,0.9907822135670237,0.9894839337877313,0.9901330736773775,0.99025005032035,0.0005574162541301035,88,0.9821131979046889,0.9842509603072983,0.9836254317513112,0.9822205167562036,0.9833546734955185,0.9831129560430041,0.0008260843298065026,88,0.9979228871868103,0.9979228871868103,0.998182526288459,0.9970137626590496,0.9971435990651779,0.9976371324772615,0.0004675320473404235,82,0.9961472597617418,0.9960136279177499,0.9954553886794317,0.994999140885159,0.9958354167893592,0.9956901668066884,0.0004164843840189542,89
35,5.7190018653869625,0.08404248791747874,1.449401044845581,0.028463140182727324,Ordered,Bayesian,CpuPinnedMemory,SymmetricTree,2,0.1,2,50,Logloss,GPU,"{'boosting_type': 'Ordered', 'bootstrap_type': 'Bayesian', 'gpu_cat_features_storage': 'CpuPinnedMemory', 'grow_policy': 'SymmetricTree', 'l2_leaf_reg': 2, 'learning_rate': 0.1, 'max_depth': 2, 'n_estimators': 50, 'objective': 'Logloss', 'task_type': 'GPU'}",0.9900688043619369,0.9919506653683869,0.991236611489776,0.9904576436222006,0.9918208373904577,0.9911069124465517,0.0007399524392914577,82,0.9828600665131747,0.9852734024843129,0.9842590222677245,0.9828710213473092,0.9852677427619779,0.9841062510748998,0.001078277592348957,82,0.9975334285343372,0.9988316240425809,0.9984421653901078,0.9983121267203324,0.9985717995325889,0.9983382288439895,0.00043753439943862215,57,0.9970748973868554,0.997173601506163,0.9968910476188293,0.9966914808203665,0.9968635144798691,0.9969389083624167,0.0001689787935550676,83
36,8.14680790901184,0.08695438849705482,1.4471927642822267,0.003544246405586036,Ordered,Bayesian,CpuPinnedMemory,SymmetricTree,2,0.1,2,100,Logloss,GPU,"{'boosting_type': 'Ordered', 'bootstrap_type': 'Bayesian', 'gpu_cat_features_storage': 'CpuPinnedMemory', 'grow_policy': 'SymmetricTree', 'l2_leaf_reg': 2, 'learning_rate': 0.1, 'max_depth': 2, 'n_estimators': 100, 'objective': 'Logloss', 'task_type': 'GPU'}",0.9913020900947682,0.9924699772801039,0.992794547224927,0.9922103213242454,0.9931191171697501,0.9923792106187589,0.000619179619244348,71,0.9845090257329407,0.9865332820315506,0.9865419123301717,0.985279057859703,0.9872979214780601,0.9860322398864853,0.0010000223642761589,75,0.9983123458392834,0.9985719849409321,0.9992210826950538,0.9993508179693587,0.9990911451571021,0.998909475320346,0.0003988357538505744,26,0.9976038829848398,0.9975676110906957,0.9972494925120817,0.9973711793787626,0.9971655278155833,0.9973915387563927,0.00017190935018641978,77
37,15.850214672088622,0.17724073634428283,1.459173583984375,0.011845900167977133,Ordered,Bayesian,CpuPinnedMemory,SymmetricTree,2,0.1,2,250,Logloss,GPU,"{'boosting_type': 'Ordered', 'bootstrap_type': 'Bayesian', 'gpu_cat_features_storage': 'CpuPinnedMemory', 'grow_policy': 'SymmetricTree', 'l2_leaf_reg': 2, 'learning_rate': 0.1, 'max_depth': 2, 'n_estimators': 250, 'objective': 'Logloss', 'task_type': 'GPU'}",0.9924055562767753,0.993638429081467,0.9939629990262902,0.9928594612138916,0.9940928270042194,0.9933918545205287,0.0006533902879654754,53,0.9867813141683778,0.9889417513179889,0.9884467265725289,0.9872913992297818,0.9892016968762052,0.9881325776329766,0.000941271652791135,51,0.998182526288459,0.9984421653901078,0.9996105413475269,0.9985717995325889,0.9990911451571021,0.998779635543157,0.0005101105897449487,32,0.99800261085099,0.9979848978499475,0.9976592196675238,0.9977205898291118,0.9977297001208829,0.9978194036636913,0.00014451505892975114,65
38,29.03899664878845,0.23878363932724883,1.4756062030792236,0.019375891779622425,Ordered,Bayesian,CpuPinnedMemory,SymmetricTree,2,0.1,2,500,Logloss,GPU,"{'boosting_type': 'Ordered', 'bootstrap_type': 'Bayesian', 'gpu_cat_features_storage': 'CpuPinnedMemory', 'grow_policy': 'SymmetricTree', 'l2_leaf_reg': 2, 'learning_rate': 0.1, 'max_depth': 2, 'n_estimators': 500, 'objective': 'Logloss', 'task_type': 'GPU'}",0.992665195378424,0.9939629990262902,0.9940279130152548,0.9933138591366439,0.9945472249269718,0.9937034382967169,0.0006502848256037113,43,0.9874133059337272,0.9899562194179758,0.9886991139077951,0.9880539499036609,0.9903450051493305,0.9888935188624979,0.0011108415322656833,41,0.9980527067376347,0.9980527067376347,0.9994807217967026,0.9987016359387172,0.9988314723448455,0.998623848711107,0.0005358724136597802,38,0.9982420346402648,0.9980880691652676,0.9977362736894133,0.9978326270342963,0.9978356441336984,0.9979469297325881,0.00018805999355262559,60
39,54.56999864578247,0.9259600046006378,1.4770343780517579,0.0212328737711924,Ordered,Bayesian,CpuPinnedMemory,SymmetricTree,2,0.1,2,1000,Logloss,GPU,"{'boosting_type': 'Ordered', 'bootstrap_type': 'Bayesian', 'gpu_cat_features_storage': 'CpuPinnedMemory', 'grow_policy': 'SymmetricTree', 'l2_leaf_reg': 2, 'learning_rate': 0.1, 'max_depth': 2, 'n_estimators': 1000, 'objective': 'Logloss', 'task_type': 'GPU'}",0.9933792029079579,0.994157740993184,0.9939629990262902,0.993638429081467,0.9944823109380071,0.9939241365893812,0.0003863214742078364,38,0.9889360607230155,0.9907180611060977,0.989452019552354,0.9888146052969915,0.9907228449942018,0.9897287183345321,0.0008375628795106596,28,0.9979228871868103,0.9976632480851616,0.9985719849409321,0.9985717995325889,0.9983121267203324,0.998208409293165,0.00036158557448687413,64,0.9985549211612086,0.9982215210340877,0.9980369470284656,0.9980683316043724,0.9980719133564563,0.9981907268369181,0.00019304468601947822,52
40,3.5270028114318848,0.07910140274021807,1.4399942398071288,0.007950126676758349,Ordered,Bayesian,CpuPinnedMemory,SymmetricTree,2,0.1,4,5,Logloss,GPU,"{'boosting_type': 'Ordered', 'bootstrap_type': 'Bayesian', 'gpu_cat_features_storage': 'CpuPinnedMemory', 'grow_policy': 'SymmetricTree', 'l2_leaf_reg': 2, 'learning_rate': 0.1, 'max_depth': 4, 'n_estimators': 5, 'objective': 'Logloss', 'task_type': 'GPU'}",0.9896793457094638,0.9916260954235637,0.9907822135670237,0.9894839337877313,0.9916910094125284,0.9906525195800622,0.0009333586365264506,85,0.982476336658992,0.9882671480144405,0.9873662498388552,0.9832094334785952,0.9872619660319094,0.9857162268045585,0.002383274458644645,77,0.9971439698818642,0.9950668570686746,0.9942879397637284,0.9959750714100234,0.99623474422228,0.9957417164693141,0.0009831324882121795,89,0.9959506513130962,0.9967338044885202,0.9961017137360579,0.996236514029192,0.9961317161770431,0.996230879948782,0.0002675856079561227,86
41,3.8287990570068358,0.04069377820850456,1.4454083442687988,0.009086559580131449,Ordered,Bayesian,CpuPinnedMemory,SymmetricTree,2,0.1,4,10,Logloss,GPU,"{'boosting_type': 'Ordered', 'bootstrap_type': 'Bayesian', 'gpu_cat_features_storage': 'CpuPinnedMemory', 'grow_policy': 'SymmetricTree', 'l2_leaf_reg': 2, 'learning_rate': 0.1, 'max_depth': 4, 'n_estimators': 10, 'objective': 'Logloss', 'task_type': 'GPU'}",0.99045826301441,0.991755923401493,0.9911067835118468,0.991236611489776,0.991755923401493,0.9912627009638036,0.00048138302275524506,81,0.9841107124551512,0.9852677427619779,0.9862467866323907,0.9852507374631269,0.9860130886693186,0.985377813596393,0.0007473282799336022,80,0.9970141503310399,0.9984421653901078,0.9961054134752694,0.9974032718774344,0.997662944689691,0.9973255891527085,0.0007684280944154284,83,0.9966741471468121,0.997732986905148,0.9969989552745522,0.9969616881975757,0.9970778633798734,0.9970891281807923,0.00034964619648266874,79
42,4.721003103256225,0.05973090586088319,1.4429998397827148,0.008643877672953236,Ordered,Bayesian,CpuPinnedMemory,SymmetricTree,2,0.1,4,25,Logloss,GPU,"{'boosting_type': 'Ordered', 'bootstrap_type': 'Bayesian', 'gpu_cat_features_storage': 'CpuPinnedMemory', 'grow_policy': 'SymmetricTree', 'l2_leaf_reg': 2, 'learning_rate': 0.1, 'max_depth': 4, 'n_estimators': 25, 'objective': 'Logloss', 'task_type': 'GPU'}",0.9905880825652343,0.9923401493021746,0.9922103213242454,0.9901330736773775,0.9914962674456346,0.9913535788629332,0.0008721589761038598,78,0.9827542156361778,0.9856575745934179,0.9851567498400512,0.9817508933129148,0.9840173890806803,0.9838673644926483,0.0014566004797001116,86,0.9987018044917565,0.9992210826950538,0.9994807217967026,0.9988314723448455,0.9992209815632304,0.9990912125783178,0.00028443885621924376,15,0.9977775880491455,0.9983468655017202,0.997574184659226,0.9975443339159762,0.9974538209339031,0.9977393586119941,0.0003216752844932816,67
43,6.21903886795044,0.10752740559211509,1.4668042182922363,0.01325786706169873,Ordered,Bayesian,CpuPinnedMemory,SymmetricTree,2,0.1,4,50,Logloss,GPU,"{'boosting_type': 'Ordered', 'bootstrap_type': 'Bayesian', 'gpu_cat_features_storage': 'CpuPinnedMemory', 'grow_policy': 'SymmetricTree', 'l2_leaf_reg': 2, 'learning_rate': 0.1, 'max_depth': 4, 'n_estimators': 50, 'objective': 'Logloss', 'task_type': 'GPU'}",0.9922108269505387,0.9935735150925025,0.9930542031807854,0.9920155793573515,0.9932489451476794,0.9928206139457716,0.000604121271616642,58,0.9859028578751762,0.9876859928168291,0.9866735007688365,0.9851491486365382,0.9876765083440308,0.9866176016882822,0.0009932855279226264,68,0.9987018044917565,0.9996105413475269,0.9996105413475269,0.9990911451571021,0.9989613087509738,0.9991950682189772,0.0003616596293080512,2,0.9980407578785494,0.9984428817405244,0.9979822768501873,0.9979330677903806,0.9977064398014676,0.9980210848122217,0.0002393968316865801,57
44,9.128799676895142,0.22901575280886305,1.5184019565582276,0.05268042461725244,Ordered,Bayesian,CpuPinnedMemory,SymmetricTree,2,0.1,4,100,Logloss,GPU,"{'boosting_type': 'Ordered', 'bootstrap_type': 'Bayesian', 'gpu_cat_features_storage': 'CpuPinnedMemory', 'grow_policy': 'SymmetricTree', 'l2_leaf_reg': 2, 'learning_rate': 0.1, 'max_depth': 4, 'n_estimators': 100, 'objective': 'Logloss', 'task_type': 'GPU'}",0.9925353758275997,0.9944173969490425,0.9937682570593963,0.9932489451476794,0.9940279130152548,0.9935995775997946,0.0006536391978228541,46,0.9867847061842443,0.9897132570399897,0.9880662132683177,0.987426225301514,0.9892003085626125,0.9882381420713356,0.0010865516793961613,50,0.9984421653901078,0.9992210826950538,0.9996105413475269,0.9992209815632304,0.9989613087509738,0.9990912159493786,0.00038510929981491493,13,0.9982257461038672,0.9985380720694367,0.998213228224557,0.9980759333464423,0.9981568556605823,0.9982419670809772,0.00015721218848586304,47
45,17.78659372329712,0.08112398051009657,1.4604032039642334,0.00736733016120468,Ordered,Bayesian,CpuPinnedMemory,SymmetricTree,2,0.1,4,250,Logloss,GPU,"{'boosting_type': 'Ordered', 'bootstrap_type': 'Bayesian', 'gpu_cat_features_storage': 'CpuPinnedMemory', 'grow_policy': 'SymmetricTree', 'l2_leaf_reg': 2, 'learning_rate': 0.1, 'max_depth': 4, 'n_estimators': 250, 'objective': 'Logloss', 'task_type': 'GPU'}",0.9931195638063093,0.9943524829600779,0.9942875689711133,0.9938980850373256,0.9943524829600779,0.9940020367469808,0.0004725924664071505,35,0.9880508801233457,0.990216271884655,0.989207246563022,0.9891975308641975,0.9902150122312348,0.9893773883332908,0.000803275839221715,33,0.9983123458392834,0.9985719849409321,0.9994807217967026,0.9987016359387172,0.9985717995325889,0.9987276976096447,0.0003971882112437926,34,0.9985634825440229,0.9986769513461202,0.9985336054138967,0.9985280600189057,0.9984738870720931,0.9985551972790077,6.738944687134765e-05,35
46,32.17519793510437,0.12438341432534697,1.4554100513458252,0.01224510007291883,Ordered,Bayesian,CpuPinnedMemory,SymmetricTree,2,0.1,4,500,Logloss,GPU,"{'boosting_type': 'Ordered', 'bootstrap_type': 'Bayesian', 'gpu_cat_features_storage': 'CpuPinnedMemory', 'grow_policy': 'SymmetricTree', 'l2_leaf_reg': 2, 'learning_rate': 0.1, 'max_depth': 4, 'n_estimators': 500, 'objective': 'Logloss', 'task_type': 'GPU'}",0.9938335713358432,0.9942226549821487,0.9942875689711133,0.9944173969490425,0.9942226549821487,0.9941967694440592,0.0001950251460937696,27,0.9893233856444559,0.9908457968024755,0.9897106109324759,0.990216271884655,0.9904651462440407,0.9901122423016206,0.0005398274047657481,24,0.9984421653901078,0.9976632480851616,0.9989614435934052,0.9987016359387172,0.9980524539080758,0.9983641893830935,0.0004615540568206924,54,0.9987188092855747,0.9988792739867745,0.998766183325095,0.9987976774604774,0.9985371955936324,0.9987398279303108,0.00011400703919695947,26
47,61.47652716636658,0.4186956117939108,1.4689834117889404,0.008275629957352499,Ordered,Bayesian,CpuPinnedMemory,SymmetricTree,2,0.1,4,1000,Logloss,GPU,"{'boosting_type': 'Ordered', 'bootstrap_type': 'Bayesian', 'gpu_cat_features_storage': 'CpuPinnedMemory', 'grow_policy': 'SymmetricTree', 'l2_leaf_reg': 2, 'learning_rate': 0.1, 'max_depth': 4, 'n_estimators': 1000, 'objective': 'Logloss', 'task_type': 'GPU'}",0.9940283006620797,0.9945472249269718,0.9947419668938656,0.9949367088607595,0.9940928270042194,0.9944694056695791,0.00035639945261972564,20,0.9899575125531093,0.9913581839288017,0.9904761904761905,0.9911105385209997,0.990715667311412,0.9907236185581025,0.0004900168479365355,18,0.998182526288459,0.997793067635986,0.9990912631442295,0.9988314723448455,0.9975331082835627,0.9982862875394165,0.0005943943906537893,62,0.9989615952714473,0.9990650110083674,0.9989786697140157,0.9990138467333056,0.9987723607939833,0.9989582967042239,9.947044910977664e-05,17
48,3.6878066062927246,0.020804288574405895,1.4543973922729492,0.030079543384369384,Ordered,Bayesian,CpuPinnedMemory,SymmetricTree,2,0.1,6,5,Logloss,GPU,"{'boosting_type': 'Ordered', 'bootstrap_type': 'Bayesian', 'gpu_cat_features_storage': 'CpuPinnedMemory', 'grow_policy': 'SymmetricTree', 'l2_leaf_reg': 2, 'learning_rate': 0.1, 'max_depth': 6, 'n_estimators': 5, 'objective': 'Logloss', 'task_type': 'GPU'}",0.9906529923406465,0.9926647192469977,0.991755923401493,0.9907172995780591,0.9918857513794223,0.9915353371893237,0.0007608771489863913,75,0.9853602157441891,0.9884169884169884,0.9871399176954733,0.9864847470716952,0.9872668810289389,0.986933749991457,0.0010031043102853977,65,0.9961054134752694,0.9970141503310399,0.9964948721277425,0.9950662165671255,0.9966242534406647,0.9962609811883685,0.0006641685436415838,86,0.9969287808730753,0.9980855155867232,0.9973643866912812,0.9972448741588065,0.9973821690369212,0.9974011452693615,0.0003788463552995466,76
49,4.210000038146973,0.047742749173131246,1.4430068492889405,0.009546184798461416,Ordered,Bayesian,CpuPinnedMemory,SymmetricTree,2,0.1,6,10,Logloss,GPU,"{'boosting_type': 'Ordered', 'bootstrap_type': 'Bayesian', 'gpu_cat_features_storage': 'CpuPinnedMemory', 'grow_policy': 'SymmetricTree', 'l2_leaf_reg': 2, 'learning_rate': 0.1, 'max_depth': 6, 'n_estimators': 10, 'objective': 'Logloss', 'task_type': 'GPU'}",0.9914968194210048,0.9933138591366439,0.9928594612138916,0.9925998052580332,0.9928594612138916,0.992625881248693,0.0006095725293392684,68,0.9857582755966128,0.9886831275720165,0.9880447358272272,0.9880370465654746,0.9875417415874647,0.9876129854297592,0.0009956369526497061,61,0.9974036089835129,0.9980527067376347,0.997793067635986,0.9972734354713062,0.9983121267203324,0.9977669891097545,0.000388620631735225,79,0.9977418425905841,0.9982550462335928,0.9979709416582981,0.9979011185617922,0.9981636146374561,0.9980065127363446,0.00018377890317832963,58
50,5.598196649551392,0.0445761781227832,1.4460007190704345,0.0056174386351599105,Ordered,Bayesian,CpuPinnedMemory,SymmetricTree,2,0.1,6,25,Logloss,GPU,"{'boosting_type': 'Ordered', 'bootstrap_type': 'Bayesian', 'gpu_cat_features_storage': 'CpuPinnedMemory', 'grow_policy': 'SymmetricTree', 'l2_leaf_reg': 2, 'learning_rate': 0.1, 'max_depth': 6, 'n_estimators': 25, 'objective': 'Logloss', 'task_type': 'GPU'}",0.9916915487472413,0.9934436871145732,0.9930542031807854,0.9926647192469977,0.9931840311587147,0.9928076378896625,0.0006120630138368827,59,0.9847689747856138,0.9875577219086711,0.9867982568572161,0.9865367354789075,0.9874246118311305,0.9866172601723079,0.0009991684417983747,69,0.9988316240425809,0.9994807217967026,0.9994807217967026,0.9989613087509738,0.9990911451571021,0.9991691043088122,0.0002673426530901918,4,0.9982133590637716,0.9987149094905575,0.9984488063798539,0.9981646091003876,0.9983099692414302,0.9983703306552002,0.00019773616363152479,43
51,7.78493013381958,0.06054035995073163,1.456409502029419,0.03044313747756602,Ordered,Bayesian,CpuPinnedMemory,SymmetricTree,2,0.1,6,50,Logloss,GPU,"{'boosting_type': 'Ordered', 'bootstrap_type': 'Bayesian', 'gpu_cat_features_storage': 'CpuPinnedMemory', 'grow_policy': 'SymmetricTree', 'l2_leaf_reg': 2, 'learning_rate': 0.1, 'max_depth': 6, 'n_estimators': 50, 'objective': 'Logloss', 'task_type': 'GPU'}",0.9927301051538362,0.9942226549821487,0.9938980850373256,0.9935086011035378,0.9943524829600779,0.9937423858473853,0.000584206585970824,42,0.9867897909452353,0.9892058596761758,0.98882179108313,0.9879332477535302,0.9895846727529896,0.9884670724422122,0.001001888652922985,44,0.9988316240425809,0.9993509022458782,0.9990912631442295,0.9992209815632304,0.9992209815632304,0.9991431505118298,0.00017607791916282492,6,0.998408846780218,0.9987704898552477,0.998666576906555,0.9984615489896206,0.9984559867393257,0.9985526898541934,0.000140539019995004,36
52,12.216999387741089,0.09413843466880985,1.4630059719085693,0.020808049136510524,Ordered,Bayesian,CpuPinnedMemory,SymmetricTree,2,0.1,6,100,Logloss,GPU,"{'boosting_type': 'Ordered', 'bootstrap_type': 'Bayesian', 'gpu_cat_features_storage': 'CpuPinnedMemory', 'grow_policy': 'SymmetricTree', 'l2_leaf_reg': 2, 'learning_rate': 0.1, 'max_depth': 6, 'n_estimators': 100, 'objective': 'Logloss', 'task_type': 'GPU'}",0.9929248344800727,0.9948717948717949,0.9938331710483609,0.9942875689711133,0.9947419668938656,0.9941318672530415,0.0007057060316377562,28,0.9872946611909651,0.9904786412763767,0.9889460154241645,0.9897092873681502,0.990474964602909,0.989380713972513,0.0011875494363058827,32,0.9987018044917565,0.9993509022458782,0.9988316240425809,0.9989613087509738,0.9990911451571021,0.9989873569376583,0.00022334217139772817,21,0.9986382513921643,0.9988341017722577,0.9987985033703697,0.9985986247487844,0.9986163902391204,0.9986971743045393,9.87184894188401e-05,30
53,25.29541335105896,0.4451676485866119,1.4397645950317384,0.05399349325695646,Ordered,Bayesian,CpuPinnedMemory,SymmetricTree,2,0.1,6,250,Logloss,GPU,"{'boosting_type': 'Ordered', 'bootstrap_type': 'Bayesian', 'gpu_cat_features_storage': 'CpuPinnedMemory', 'grow_policy': 'SymmetricTree', 'l2_leaf_reg': 2, 'learning_rate': 0.1, 'max_depth': 6, 'n_estimators': 250, 'objective': 'Logloss', 'task_type': 'GPU'}",0.9938335713358432,0.9949367088607595,0.9944823109380071,0.9943524829600779,0.9948068808828302,0.9944823909955035,0.00038717992316418667,19,0.9891975308641975,0.9916183107672469,0.9905976300875837,0.9902150122312348,0.9909817057459418,0.9905220379392409,0.000808381909254455,19,0.9985719849409321,0.9983123458392834,0.9984421653901078,0.9985717995325889,0.9987016359387172,0.998519986328326,0.0001323296761268873,41,0.998756737222629,0.9989653371686117,0.9991582629773282,0.9988752118585289,0.9989392620134409,0.9989389622481077,0.0001311934512158715,19
54,42.63202538490295,0.17114992348419217,1.3341778755187987,0.029089289332343962,Ordered,Bayesian,CpuPinnedMemory,SymmetricTree,2,0.1,6,500,Logloss,GPU,"{'boosting_type': 'Ordered', 'bootstrap_type': 'Bayesian', 'gpu_cat_features_storage': 'CpuPinnedMemory', 'grow_policy': 'SymmetricTree', 'l2_leaf_reg': 2, 'learning_rate': 0.1, 'max_depth': 6, 'n_estimators': 500, 'objective': 'Logloss', 'task_type': 'GPU'}",0.9942879397637284,0.9948717948717949,0.9946121389159364,0.9950016228497242,0.9945472249269718,0.9946641442656311,0.0002509641744802979,11,0.9902150122312348,0.9918709677419355,0.9911059551430781,0.9919989676087237,0.9911036616812791,0.9912589128812502,0.000641797432840974,9,0.9984421653901078,0.9979228871868103,0.998182526288459,0.9980524539080758,0.9980524539080758,0.9981304973363058,0.0001761405774807021,69,0.9989462505095328,0.9990196449578556,0.9993520821171529,0.9990250049445034,0.9989452962122458,0.999057655748258,0.00015115129799095657,12
55,88.86786584854126,3.9967397369169237,1.4496042251586914,0.05188253598918947,Ordered,Bayesian,CpuPinnedMemory,SymmetricTree,2,0.1,6,1000,Logloss,GPU,"{'boosting_type': 'Ordered', 'bootstrap_type': 'Bayesian', 'gpu_cat_features_storage': 'CpuPinnedMemory', 'grow_policy': 'SymmetricTree', 'l2_leaf_reg': 2, 'learning_rate': 0.1, 'max_depth': 6, 'n_estimators': 1000, 'objective': 'Logloss', 'task_type': 'GPU'}",0.9941581202129041,0.9948068808828302,0.9947419668938656,0.9949367088607595,0.9945472249269718,0.9946381803554661,0.0002709543918846281,12,0.9904651462440407,0.9917430009031093,0.9914882641217436,0.9916172298168687,0.9912303327314934,0.9913087947634512,0.0004547033140899316,8,0.9979228871868103,0.9979228871868103,0.9980527067376347,0.9983121267203324,0.9979226175019476,0.998026645066707,0.0001513486800466644,73,0.9991731440072285,0.9991737698569386,0.9994387773728872,0.9991552880161855,0.9990252746293662,0.9991932507765213,0.0001347028248461091,7
56,4.280872106552124,0.07252884785107457,1.4440057277679443,0.020351899666466035,Ordered,Bayesian,CpuPinnedMemory,SymmetricTree,2,0.1,8,5,Logloss,GPU,"{'boosting_type': 'Ordered', 'bootstrap_type': 'Bayesian', 'gpu_cat_features_storage': 'CpuPinnedMemory', 'grow_policy': 'SymmetricTree', 'l2_leaf_reg': 2, 'learning_rate': 0.1, 'max_depth': 8, 'n_estimators': 5, 'objective': 'Logloss', 'task_type': 'GPU'}",0.9915617291964169,0.9937682570593963,0.9930542031807854,0.9923401493021746,0.9928594612138916,0.992716759990533,0.0007369951665467057,64,0.985760102629891,0.989070335604989,0.9875481386392811,0.9877797787496784,0.9879177377892031,0.9876152186826085,0.0010660129815898093,60,0.9975334285343372,0.9985719849409321,0.9987018044917565,0.9970137626590496,0.9979226175019476,0.9979487196256047,0.0006329121597145189,76,0.9972046242455429,0.998516185457291,0.9975846433753109,0.997668034991476,0.9973267235146626,0.9976600423168567,0.0004598341013282677,71
57,5.356003761291504,0.10207959307628127,1.4493979930877685,0.005884685649149198,Ordered,Bayesian,CpuPinnedMemory,SymmetricTree,2,0.1,8,10,Logloss,GPU,"{'boosting_type': 'Ordered', 'bootstrap_type': 'Bayesian', 'gpu_cat_features_storage': 'CpuPinnedMemory', 'grow_policy': 'SymmetricTree', 'l2_leaf_reg': 2, 'learning_rate': 0.1, 'max_depth': 8, 'n_estimators': 10, 'objective': 'Logloss', 'task_type': 'GPU'}",0.9914319096455926,0.993638429081467,0.9933138591366439,0.9924699772801039,0.9930542031807854,0.9927816756649186,0.0007759563262546308,60,0.9853827413770996,0.9888160431932125,0.9881808838643371,0.9877829218106996,0.9880478087649402,0.9876420798020579,0.0011796238758615136,59,0.9976632480851616,0.9985719849409321,0.9985719849409321,0.9972734354713062,0.9981822903142041,0.9980525887505074,0.0005128417469478705,72,0.9980744725366597,0.9987848758571469,0.9982460033630378,0.9980680703471615,0.9979504877469861,0.9982247819701984,0.00029548072329827363,50
58,8.343039274215698,0.0776064968796697,1.4372005462646484,0.009603974927022474,Ordered,Bayesian,CpuPinnedMemory,SymmetricTree,2,0.1,8,25,Logloss,GPU,"{'boosting_type': 'Ordered', 'bootstrap_type': 'Bayesian', 'gpu_cat_features_storage': 'CpuPinnedMemory', 'grow_policy': 'SymmetricTree', 'l2_leaf_reg': 2, 'learning_rate': 0.1, 'max_depth': 8, 'n_estimators': 25, 'objective': 'Logloss', 'task_type': 'GPU'}",0.9929897442554849,0.994157740993184,0.9935735150925025,0.9927296332359623,0.9939629990262902,0.9934827265206847,0.0005485854157361855,51,0.9871712636305324,0.9892044724328493,0.9879363449691991,0.9869130100076983,0.989073145648541,0.988059647337764,0.0009441408344471996,52,0.9989614435934052,0.9992210826950538,0.9993509022458782,0.9987016359387172,0.9989613087509738,0.9990392746448057,0.00022640767561964877,19,0.998589992495139,0.9988805971281326,0.998659632521338,0.9983067245954248,0.998223484676995,0.998532086283406,0.0002396263019575056,38
59,13.189371347427368,0.11880529399943293,1.4749398708343506,0.032020568411095185,Ordered,Bayesian,CpuPinnedMemory,SymmetricTree,2,0.1,8,50,Logloss,GPU,"{'boosting_type': 'Ordered', 'bootstrap_type': 'Bayesian', 'gpu_cat_features_storage': 'CpuPinnedMemory', 'grow_policy': 'SymmetricTree', 'l2_leaf_reg': 2, 'learning_rate': 0.1, 'max_depth': 8, 'n_estimators': 50, 'objective': 'Logloss', 'task_type': 'GPU'}",0.9932493833571335,0.9946121389159364,0.994157740993184,0.9939629990262902,0.9944823109380071,0.9940929146461104,0.00048038502756650615,32,0.9876780901039661,0.9900951890918446,0.989078761403058,0.9889474360622028,0.9899652643766885,0.989152948207552,0.0008684032234202138,38,0.9989614435934052,0.9992210826950538,0.9993509022458782,0.9990911451571021,0.9990911451571021,0.9991431437697083,0.0001324090072457073,7,0.998756661383608,0.9989537575748156,0.9988456897937057,0.9985004594587297,0.9985245962539491,0.9987162328929615,0.00017781692991857093,28
60,22.80900058746338,0.14016547094999987,1.4410079956054687,0.009147976411867279,Ordered,Bayesian,CpuPinnedMemory,SymmetricTree,2,0.1,8,100,Logloss,GPU,"{'boosting_type': 'Ordered', 'bootstrap_type': 'Bayesian', 'gpu_cat_features_storage': 'CpuPinnedMemory', 'grow_policy': 'SymmetricTree', 'l2_leaf_reg': 2, 'learning_rate': 0.1, 'max_depth': 8, 'n_estimators': 100, 'objective': 'Logloss', 'task_type': 'GPU'}",0.9937037517850188,0.9950016228497242,0.994677052904901,0.9944173969490425,0.994677052904901,0.9944953754787175,0.00043704656468984124,18,0.9888174807197944,0.990859938208033,0.98997042561399,0.9897119341563786,0.990600051506567,0.9899919660409525,0.0007185320079586874,25,0.9987018044917565,0.9992210826950538,0.9994807217967026,0.9992209815632304,0.9988314723448455,0.9990912125783178,0.00028443885621924376,15,0.9989553259123783,0.9990783856920314,0.9989830942312959,0.9986345855397067,0.9986073136579573,0.998851741006674,0.0001930039073923534,24
61,52.093412256240846,0.1010122435229032,1.458403730392456,0.009522914983890643,Ordered,Bayesian,CpuPinnedMemory,SymmetricTree,2,0.1,8,250,Logloss,GPU,"{'boosting_type': 'Ordered', 'bootstrap_type': 'Bayesian', 'gpu_cat_features_storage': 'CpuPinnedMemory', 'grow_policy': 'SymmetricTree', 'l2_leaf_reg': 2, 'learning_rate': 0.1, 'max_depth': 8, 'n_estimators': 250, 'objective': 'Logloss', 'task_type': 'GPU'}",0.9942879397637284,0.9947419668938656,0.9948068808828302,0.994677052904901,0.994677052904901,0.9946381786700453,0.00018161615334082054,13,0.990467602730903,0.9913615265600825,0.9911093931194433,0.990600051506567,0.990979381443299,0.9909035910720589,0.0003286413472813881,14,0.998182526288459,0.998182526288459,0.9985719849409321,0.9988314723448455,0.9984419631264606,0.9984420945978313,0.00024626731932846975,46,0.9990905974461564,0.9992184954059016,0.9991168157849787,0.9989452962122457,0.9987510051239112,0.9990244419946388,0.00016223314363832345,16
62,106.7643588066101,11.562777492857862,1.4710060596466064,0.012032586212208828,Ordered,Bayesian,CpuPinnedMemory,SymmetricTree,2,0.1,8,500,Logloss,GPU,"{'boosting_type': 'Ordered', 'bootstrap_type': 'Bayesian', 'gpu_cat_features_storage': 'CpuPinnedMemory', 'grow_policy': 'SymmetricTree', 'l2_leaf_reg': 2, 'learning_rate': 0.1, 'max_depth': 8, 'n_estimators': 500, 'objective': 'Logloss', 'task_type': 'GPU'}",0.9942879397637284,0.9946121389159364,0.9950665368386887,0.9950665368386887,0.9947419668938656,0.9947550238501816,0.0002942226423569709,6,0.9903412749517064,0.9912325941206808,0.9916204718318937,0.991492652745553,0.9911071014305968,0.9911588190160862,0.0004474514617658783,11,0.9983123458392834,0.9980527067376347,0.9985719849409321,0.9987016359387172,0.9984419631264606,0.9984161273166057,0.00022330220495389837,49,0.9991791774226761,0.99933046518987,0.9993206469753342,0.9991481497949737,0.9989257103490857,0.999180829946388,0.00014703485283021337,8
63,197.69865021705627,0.3084522037377412,1.4778008937835694,0.008085897505141703,Ordered,Bayesian,CpuPinnedMemory,SymmetricTree,2,0.1,8,1000,Logloss,GPU,"{'boosting_type': 'Ordered', 'bootstrap_type': 'Bayesian', 'gpu_cat_features_storage': 'CpuPinnedMemory', 'grow_policy': 'SymmetricTree', 'l2_leaf_reg': 2, 'learning_rate': 0.1, 'max_depth': 8, 'n_estimators': 1000, 'objective': 'Logloss', 'task_type': 'GPU'}",0.9945475788653771,0.9950665368386887,0.9948068808828302,0.995196364816618,0.9950016228497242,0.9949237968506477,0.00022624508938897336,2,0.9908516943692823,0.9918741132464852,0.9916161485876435,0.9917483238782878,0.9917451309170644,0.9915670821997526,0.0003668801476880384,4,0.9983123458392834,0.9983123458392834,0.9980527067376347,0.9987016359387172,0.9983121267203324,0.9983382322150502,0.00020765778116099102,56,0.9992506177804518,0.9994110841085396,0.9993824975130842,0.9993048535555573,0.9990748966441191,0.9992847899203504,0.00011926648117412375,3
64,3.491027069091797,0.08538278746638583,1.4364036083221436,0.005677513717159593,Ordered,Bayesian,CpuPinnedMemory,SymmetricTree,3,0.1,2,5,Logloss,GPU,"{'boosting_type': 'Ordered', 'bootstrap_type': 'Bayesian', 'gpu_cat_features_storage': 'CpuPinnedMemory', 'grow_policy': 'SymmetricTree', 'l2_leaf_reg': 3, 'learning_rate': 0.1, 'max_depth': 2, 'n_estimators': 5, 'objective': 'Logloss', 'task_type': 'GPU'}",0.9566402700246657,0.9568971113274911,0.9537163258682246,0.950210970464135,0.9630639402791301,0.9561057235927294,0.004237597192336096,96,0.9536953437379079,0.9537192213484594,0.9556714471968709,0.950149292483448,0.9838556505223172,0.9594181910578007,0.012348030066498305,94,0.9598857587952746,0.9604050369985719,0.9515773075425159,0.9502726564528694,0.9415736172422747,0.9527428754063013,0.006956182306872005,96,0.9918687424065128,0.992356423065836,0.9911962050755162,0.991149996259808,0.9924045449585398,0.9917951823532427,0.0005416205088506124,96
65,3.6820017814636232,0.03542106147542353,1.4398000717163086,0.007984584039588048,Ordered,Bayesian,CpuPinnedMemory,SymmetricTree,3,0.1,2,10,Logloss,GPU,"{'boosting_type': 'Ordered', 'bootstrap_type': 'Bayesian', 'gpu_cat_features_storage': 'CpuPinnedMemory', 'grow_policy': 'SymmetricTree', 'l2_leaf_reg': 3, 'learning_rate': 0.1, 'max_depth': 2, 'n_estimators': 10, 'objective': 'Logloss', 'task_type': 'GPU'}",0.9869531351421524,0.9880558260305096,0.9866277182732879,0.9858487504057124,0.9863031483284648,0.9867577156360253,0.0007447184596855856,91,0.9817621371692782,0.9837858705443315,0.9810085974592583,0.9801129073646395,0.9822325222093472,0.981780406949371,0.0012331156456705694,91,0.9923406465013631,0.9924704660521875,0.9924704660521875,0.9918203064139185,0.9905219423526357,0.9919247654744584,0.0007412637420050039,91,0.9946686516491138,0.9945155453602692,0.9939371134678496,0.9936729740000532,0.9948386699641484,0.9943265908882868,0.0004458345060960491,92
66,4.427793502807617,0.04210528768010214,1.4390007972717285,0.00809655006344215,Ordered,Bayesian,CpuPinnedMemory,SymmetricTree,3,0.1,2,25,Logloss,GPU,"{'boosting_type': 'Ordered', 'bootstrap_type': 'Bayesian', 'gpu_cat_features_storage': 'CpuPinnedMemory', 'grow_policy': 'SymmetricTree', 'l2_leaf_reg': 3, 'learning_rate': 0.1, 'max_depth': 2, 'n_estimators': 25, 'objective': 'Logloss', 'task_type': 'GPU'}",0.9898740750357004,0.9909769555339175,0.9907172995780591,0.9891593638429081,0.990392729633236,0.9902240847247642,0.000647248606122599,90,0.9821131979046889,0.9842509603072983,0.9833759590792839,0.9817158931082982,0.9834869431643625,0.9829885907127863,0.000935741221860169,89,0.9979228871868103,0.9979228871868103,0.9983123458392834,0.9968839262529213,0.9975331082835627,0.9977150309498777,0.00048311993984754,81,0.9961410072557888,0.9960274998328796,0.9953846806794697,0.9950442709614159,0.9956723501515445,0.9956539617762197,0.0004052942906116634,90
67,5.664406108856201,0.06669165526833125,1.4369932651519775,0.005403593462080792,Ordered,Bayesian,CpuPinnedMemory,SymmetricTree,3,0.1,2,50,Logloss,GPU,"{'boosting_type': 'Ordered', 'bootstrap_type': 'Bayesian', 'gpu_cat_features_storage': 'CpuPinnedMemory', 'grow_policy': 'SymmetricTree', 'l2_leaf_reg': 3, 'learning_rate': 0.1, 'max_depth': 2, 'n_estimators': 50, 'objective': 'Logloss', 'task_type': 'GPU'}",0.9899389848111125,0.9916910094125284,0.9914313534566699,0.9904576436222006,0.9916260954235637,0.991029017345215,0.0007030290082442331,84,0.9826086956521739,0.9847689747856138,0.9846370503136602,0.9826242493931263,0.9843929896379685,0.9838063919565085,0.0009790396648415322,87,0.9975334285343372,0.9988316240425809,0.9984421653901078,0.9985717995325889,0.9990911451571021,0.9984940325313435,0.0005295298787012652,42,0.9969065684664824,0.9972209649101902,0.9968340429809577,0.9966119406411481,0.9966254754501993,0.9968397984897956,0.00022254561788416394,84
68,8.134233474731445,0.058461874697927865,1.4585672855377196,0.006673371623258803,Ordered,Bayesian,CpuPinnedMemory,SymmetricTree,3,0.1,2,100,Logloss,GPU,"{'boosting_type': 'Ordered', 'bootstrap_type': 'Bayesian', 'gpu_cat_features_storage': 'CpuPinnedMemory', 'grow_policy': 'SymmetricTree', 'l2_leaf_reg': 3, 'learning_rate': 0.1, 'max_depth': 2, 'n_estimators': 100, 'objective': 'Logloss', 'task_type': 'GPU'}",0.991172270543944,0.9924699772801039,0.9925998052580332,0.9915611814345991,0.9930542031807854,0.9921714875394931,0.0006960814955897634,72,0.9842570075515167,0.98640851391204,0.9861627162075592,0.9850115295926211,0.987296291543693,0.9858272117614859,0.001071405571356863,76,0.9983123458392834,0.9987018044917565,0.9992210826950538,0.9983121267203324,0.9989613087509738,0.99870173369948,0.0003579159385783387,35,0.9975232408258505,0.9976621019244948,0.9972301341955248,0.997257237524235,0.9971047475896326,0.9973554924119477,0.00020512951755087094,78
69,15.841553974151612,0.2880470009349203,1.4720070838928223,0.011264116616317365,Ordered,Bayesian,CpuPinnedMemory,SymmetricTree,3,0.1,2,250,Logloss,GPU,"{'boosting_type': 'Ordered', 'bootstrap_type': 'Bayesian', 'gpu_cat_features_storage': 'CpuPinnedMemory', 'grow_policy': 'SymmetricTree', 'l2_leaf_reg': 3, 'learning_rate': 0.1, 'max_depth': 2, 'n_estimators': 250, 'objective': 'Logloss', 'task_type': 'GPU'}",0.9924704660521875,0.9938331710483609,0.9937682570593963,0.9927296332359623,0.994157740993184,0.9933918536778181,0.0006649082609385466,54,0.9871580839861307,0.9894493051981472,0.9881915030163009,0.9871630295250321,0.9893288763178195,0.988258159608686,0.0009979159747477006,49,0.9979228871868103,0.9983123458392834,0.9994807217967026,0.9984419631264606,0.9990911451571021,0.9986498126212717,0.0005604802037009443,37,0.9979311367869828,0.9979882436277766,0.9975244530849977,0.997713662299199,0.9975376002220586,0.997739019204203,0.0001930145991519871,68
70,28.812205410003664,0.16095534795490063,1.4513988494873047,0.009475717104475137,Ordered,Bayesian,CpuPinnedMemory,SymmetricTree,3,0.1,2,500,Logloss,GPU,"{'boosting_type': 'Ordered', 'bootstrap_type': 'Bayesian', 'gpu_cat_features_storage': 'CpuPinnedMemory', 'grow_policy': 'SymmetricTree', 'l2_leaf_reg': 3, 'learning_rate': 0.1, 'max_depth': 2, 'n_estimators': 500, 'objective': 'Logloss', 'task_type': 'GPU'}",0.9926002856030118,0.9939629990262902,0.9939629990262902,0.9931191171697501,0.9943524829600779,0.9935995767570841,0.0006419413474274106,47,0.9874116891457931,0.9900824317362185,0.988697662471102,0.9877986128949396,0.9900888145192431,0.9888158421534593,0.0011175934221219954,42,0.9979228871868103,0.9979228871868103,0.9993509022458782,0.9985717995325889,0.9987016359387172,0.998494022418161,0.0005358706182606185,44,0.9981972727647632,0.9980269939714984,0.9976270766029403,0.9978827631358188,0.9977905056297894,0.997904922420962,0.00019552530352029215,62
71,54.62344584465027,0.7544251685583611,1.4584121704101562,0.007525824579914676,Ordered,Bayesian,CpuPinnedMemory,SymmetricTree,3,0.1,2,1000,Logloss,GPU,"{'boosting_type': 'Ordered', 'bootstrap_type': 'Bayesian', 'gpu_cat_features_storage': 'CpuPinnedMemory', 'grow_policy': 'SymmetricTree', 'l2_leaf_reg': 3, 'learning_rate': 0.1, 'max_depth': 2, 'n_estimators': 1000, 'objective': 'Logloss', 'task_type': 'GPU'}",0.9930546540308971,0.994157740993184,0.9937682570593963,0.9935735150925025,0.9942226549821487,0.9937553644316257,0.0004253228946527958,41,0.9880493446414803,0.9908446163765313,0.989070335604989,0.9888131670309888,0.9904651462440407,0.989448521979606,0.0010475688548602894,30,0.998182526288459,0.9975334285343372,0.9985719849409321,0.9984419631264606,0.9980524539080758,0.998156471359653,0.00036161801306557685,67,0.998445611852284,0.9981056239643047,0.9978988262404584,0.9981684605373342,0.9979291910704781,0.9981095427329718,0.00019665059356910208,54
72,3.512973499298096,0.03425148695806098,1.439600944519043,0.008526397167109458,Ordered,Bayesian,CpuPinnedMemory,SymmetricTree,3,0.1,4,5,Logloss,GPU,"{'boosting_type': 'Ordered', 'bootstrap_type': 'Bayesian', 'gpu_cat_features_storage': 'CpuPinnedMemory', 'grow_policy': 'SymmetricTree', 'l2_leaf_reg': 3, 'learning_rate': 0.1, 'max_depth': 4, 'n_estimators': 5, 'objective': 'Logloss', 'task_type': 'GPU'}",0.989744255484876,0.9911716975008115,0.9907822135670237,0.9894839337877313,0.9916910094125284,0.9905746219505943,0.000839645591073004,87,0.9850842227079851,0.988256549232159,0.9873662498388552,0.9832094334785952,0.9872619660319094,0.9862356842579008,0.0018384442083928688,74,0.9945475788653771,0.9941581202129041,0.9942879397637284,0.9959750714100234,0.99623474422228,0.9950406908948626,0.0008817658468696171,90,0.9958017034758657,0.9967284613571763,0.9960909769074582,0.9962311034766322,0.9961261033608363,0.9961956697155939,0.0003020370654726193,87
73,3.8234851360321045,0.04753004511335336,1.4441986083984375,0.014258606851056753,Ordered,Bayesian,CpuPinnedMemory,SymmetricTree,3,0.1,4,10,Logloss,GPU,"{'boosting_type': 'Ordered', 'bootstrap_type': 'Bayesian', 'gpu_cat_features_storage': 'CpuPinnedMemory', 'grow_policy': 'SymmetricTree', 'l2_leaf_reg': 3, 'learning_rate': 0.1, 'max_depth': 4, 'n_estimators': 10, 'objective': 'Logloss', 'task_type': 'GPU'}",0.9905231727898222,0.9920155793573515,0.9911067835118468,0.9909769555339175,0.991755923401493,0.9912756829188861,0.0005407613550098677,80,0.9843609793616203,0.985897435897436,0.9862467866323907,0.9846212995001923,0.9860130886693186,0.9854279180121915,0.0007774842850703257,78,0.9968843307802155,0.9983123458392834,0.9961054134752694,0.9975331082835627,0.997662944689691,0.9972996286136044,0.0007497639086618905,84,0.9969125007632356,0.9975198600146782,0.996992095165855,0.997017689944864,0.9969497125041376,0.9970783716785541,0.00022365339438109783,80
74,4.715424537658691,0.05330187816533424,1.4654015064239503,0.012224398482756773,Ordered,Bayesian,CpuPinnedMemory,SymmetricTree,3,0.1,4,25,Logloss,GPU,"{'boosting_type': 'Ordered', 'bootstrap_type': 'Bayesian', 'gpu_cat_features_storage': 'CpuPinnedMemory', 'grow_policy': 'SymmetricTree', 'l2_leaf_reg': 3, 'learning_rate': 0.1, 'max_depth': 4, 'n_estimators': 25, 'objective': 'Logloss', 'task_type': 'GPU'}",0.9905880825652343,0.99227523531321,0.9918857513794223,0.9905225576111653,0.9916910094125284,0.991392527256312,0.0007092973412314455,77,0.9832480818414322,0.9854070660522274,0.9845268542199489,0.9825031928480205,0.9846429485538777,0.9840656287031013,0.0010445161579783655,83,0.998182526288459,0.9993509022458782,0.9994807217967026,0.9988314723448455,0.9989613087509738,0.9989613862853718,0.00045715043247578394,23,0.997520426355516,0.9979823358437511,0.9979177884573732,0.9973742807546848,0.9974454017095931,0.9976480466241835,0.00025171793125566393,72
75,6.121607303619385,0.030166107358557293,1.4549971103668213,0.022905032936399512,Ordered,Bayesian,CpuPinnedMemory,SymmetricTree,3,0.1,4,50,Logloss,GPU,"{'boosting_type': 'Ordered', 'bootstrap_type': 'Bayesian', 'gpu_cat_features_storage': 'CpuPinnedMemory', 'grow_policy': 'SymmetricTree', 'l2_leaf_reg': 3, 'learning_rate': 0.1, 'max_depth': 4, 'n_estimators': 50, 'objective': 'Logloss', 'task_type': 'GPU'}",0.9922757367259509,0.9933138591366439,0.9928594612138916,0.9920155793573515,0.9928594612138916,0.9926648195295458,0.0004625843515286978,67,0.9862785329571685,0.987429451000513,0.9865436370626682,0.9850249584026622,0.9867914849961529,0.986413612883833,0.000792240942430299,71,0.9984421653901078,0.9993509022458782,0.9993509022458782,0.9992209815632304,0.9990911451571021,0.9990912193204393,0.00033852021894184483,12,0.9979791260341555,0.9981684858202902,0.9982533438478967,0.9977856765852151,0.9976344170877992,0.9979642098750714,0.00023073232368362684,59
76,8.95920238494873,0.05272403123456037,1.4501969337463378,0.013510745761105752,Ordered,Bayesian,CpuPinnedMemory,SymmetricTree,3,0.1,4,100,Logloss,GPU,"{'boosting_type': 'Ordered', 'bootstrap_type': 'Bayesian', 'gpu_cat_features_storage': 'CpuPinnedMemory', 'grow_policy': 'SymmetricTree', 'l2_leaf_reg': 3, 'learning_rate': 0.1, 'max_depth': 4, 'n_estimators': 100, 'objective': 'Logloss', 'task_type': 'GPU'}",0.9929897442554849,0.9943524829600779,0.9937682570593963,0.9925998052580332,0.9935735150925025,0.9934567609250988,0.00061081207032094,52,0.9876717606266855,0.9895860118282335,0.9883168571061753,0.9864102564102564,0.988310854206808,0.9880591480356318,0.0010324723337358636,53,0.9984421653901078,0.9992210826950538,0.9993509022458782,0.9989613087509738,0.9989613087509738,0.9989873535665975,0.0003115714236966008,22,0.9982623510713332,0.9983528912728731,0.9983253328509571,0.9980142007958197,0.9979354528158859,0.9981780457613738,0.00017033398655267798,53
77,17.613001155853272,0.09111357645853936,1.4497979640960694,0.0033705188051364274,Ordered,Bayesian,CpuPinnedMemory,SymmetricTree,3,0.1,4,250,Logloss,GPU,"{'boosting_type': 'Ordered', 'bootstrap_type': 'Bayesian', 'gpu_cat_features_storage': 'CpuPinnedMemory', 'grow_policy': 'SymmetricTree', 'l2_leaf_reg': 3, 'learning_rate': 0.1, 'max_depth': 4, 'n_estimators': 250, 'objective': 'Logloss', 'task_type': 'GPU'}",0.9933142931325457,0.9944173969490425,0.9940279130152548,0.9937682570593963,0.994157740993184,0.9939371202298846,0.00037523617671171604,37,0.9883063479825238,0.9899652643766885,0.9892016968762052,0.9886918529940889,0.9895806534602521,0.9891491631379518,0.0005957239088135294,39,0.9984421653901078,0.9989614435934052,0.9989614435934052,0.9989613087509738,0.9988314723448455,0.9988315667345475,0.00020109818682461305,31,0.9985498905061494,0.9985401115612114,0.9985059627154609,0.9982520038512346,0.99825662220451,0.9984209181677132,0.0001368201111483541,42
78,32.11424722671509,0.2207527296187234,1.489954948425293,0.029017098557807815,Ordered,Bayesian,CpuPinnedMemory,SymmetricTree,3,0.1,4,500,Logloss,GPU,"{'boosting_type': 'Ordered', 'bootstrap_type': 'Bayesian', 'gpu_cat_features_storage': 'CpuPinnedMemory', 'grow_policy': 'SymmetricTree', 'l2_leaf_reg': 3, 'learning_rate': 0.1, 'max_depth': 4, 'n_estimators': 500, 'objective': 'Logloss', 'task_type': 'GPU'}",0.993768661560431,0.9944173969490425,0.9940279130152548,0.9940928270042194,0.994677052904901,0.9941967702867698,0.00031684115360315304,26,0.989322012093143,0.9905964189102151,0.9897053146313216,0.9895793130065612,0.990726429675425,0.9899858976633332,0.0005667284755699168,26,0.9983123458392834,0.9983123458392834,0.9984421653901078,0.9987016359387172,0.9987016359387172,0.9984940257892218,0.0001760162820664585,43,0.9987227950474559,0.9986644194276525,0.9987274161260695,0.9984366705610285,0.9983927877772618,0.9985888177878935,0.00014453481038851745,33
79,61.983683824539185,0.9582073091774103,1.4796082973480225,0.024704537705100383,Ordered,Bayesian,CpuPinnedMemory,SymmetricTree,3,0.1,4,1000,Logloss,GPU,"{'boosting_type': 'Ordered', 'bootstrap_type': 'Bayesian', 'gpu_cat_features_storage': 'CpuPinnedMemory', 'grow_policy': 'SymmetricTree', 'l2_leaf_reg': 3, 'learning_rate': 0.1, 'max_depth': 4, 'n_estimators': 1000, 'objective': 'Logloss', 'task_type': 'GPU'}",0.9942230299883162,0.9948717948717949,0.9944173969490425,0.9945472249269718,0.9944823109380071,0.9945083515348265,0.00021164188340895608,17,0.9902137522534123,0.9918709677419355,0.990849336254672,0.9909770559422532,0.990849336254672,0.990952089689389,0.0005312662035722961,13,0.9983123458392834,0.9979228871868103,0.9980527067376347,0.9981822903142041,0.9981822903142041,0.9981305040784274,0.00013235350720114302,68,0.9988818884603834,0.998946804761947,0.9988758102218182,0.998744389417121,0.9986659869709176,0.9988229759664374,0.00010238857507526476,25
80,3.6933396816253663,0.042131680000760514,1.460425567626953,0.027713757895876174,Ordered,Bayesian,CpuPinnedMemory,SymmetricTree,3,0.1,6,5,Logloss,GPU,"{'boosting_type': 'Ordered', 'bootstrap_type': 'Bayesian', 'gpu_cat_features_storage': 'CpuPinnedMemory', 'grow_policy': 'SymmetricTree', 'l2_leaf_reg': 3, 'learning_rate': 0.1, 'max_depth': 6, 'n_estimators': 5, 'objective': 'Logloss', 'task_type': 'GPU'}",0.9906529923406465,0.9926647192469977,0.991755923401493,0.9907172995780591,0.9918857513794223,0.9915353371893237,0.0007608771489863913,75,0.9853602157441891,0.9884169884169884,0.9871399176954733,0.9864847470716952,0.9872668810289389,0.986933749991457,0.0010031043102853977,65,0.9961054134752694,0.9970141503310399,0.9964948721277425,0.9950662165671255,0.9966242534406647,0.9962609811883685,0.0006641685436415838,86,0.9969338368078082,0.9980904204801652,0.9973601391546923,0.9972441830913458,0.9974082779026999,0.9974073714873424,0.0003793819148936971,74
81,4.237988662719727,0.08955866161509494,1.443409252166748,0.0077071786262306735,Ordered,Bayesian,CpuPinnedMemory,SymmetricTree,3,0.1,6,10,Logloss,GPU,"{'boosting_type': 'Ordered', 'bootstrap_type': 'Bayesian', 'gpu_cat_features_storage': 'CpuPinnedMemory', 'grow_policy': 'SymmetricTree', 'l2_leaf_reg': 3, 'learning_rate': 0.1, 'max_depth': 6, 'n_estimators': 10, 'objective': 'Logloss', 'task_type': 'GPU'}",0.9914319096455926,0.9933787731256085,0.9929892891918208,0.9927296332359623,0.9928594612138916,0.9926778132825751,0.0006597452682289985,66,0.9853827413770996,0.9885589407378841,0.9881732870548914,0.9882913021101389,0.9872913992297818,0.987539534101959,0.0011592509310445556,62,0.9976632480851616,0.9983123458392834,0.9979228871868103,0.9972734354713062,0.9985717995325889,0.9979487432230301,0.0004601353269031229,74,0.9977658330008916,0.9983081067303464,0.9981453519156541,0.9978971154271102,0.9982573722655345,0.9980747558679074,0.00020965430575718816,55
82,5.574801063537597,0.04631532603327963,1.4390035152435303,0.008791926959186382,Ordered,Bayesian,CpuPinnedMemory,SymmetricTree,3,0.1,6,25,Logloss,GPU,"{'boosting_type': 'Ordered', 'bootstrap_type': 'Bayesian', 'gpu_cat_features_storage': 'CpuPinnedMemory', 'grow_policy': 'SymmetricTree', 'l2_leaf_reg': 3, 'learning_rate': 0.1, 'max_depth': 6, 'n_estimators': 25, 'objective': 'Logloss', 'task_type': 'GPU'}",0.9918862780734778,0.9932489451476794,0.9930542031807854,0.9926647192469977,0.9929243752028563,0.9927557041703594,0.0004743454927274507,62,0.9850230414746544,0.9873028087726049,0.9869230769230769,0.9865367354789075,0.9869180454020777,0.9865407416102643,0.0007965820175445885,70,0.9989614435934052,0.9993509022458782,0.9993509022458782,0.9989613087509738,0.9990911451571021,0.9991431403986475,0.00017613060642817301,9,0.9983964091807752,0.9986623715082258,0.9983319991236591,0.9980638986594402,0.9983848910673732,0.9983679139078948,0.00019053641433214657,44
83,7.831891679763794,0.07575868436410768,1.4528038024902343,0.008546175587219524,Ordered,Bayesian,CpuPinnedMemory,SymmetricTree,3,0.1,6,50,Logloss,GPU,"{'boosting_type': 'Ordered', 'bootstrap_type': 'Bayesian', 'gpu_cat_features_storage': 'CpuPinnedMemory', 'grow_policy': 'SymmetricTree', 'l2_leaf_reg': 3, 'learning_rate': 0.1, 'max_depth': 6, 'n_estimators': 50, 'objective': 'Logloss', 'task_type': 'GPU'}",0.9928599247046606,0.9942226549821487,0.9938331710483609,0.9935735150925025,0.9938331710483609,0.9936644873752067,0.00045256082191760095,44,0.9870429762668377,0.9890801644398767,0.9884437596302003,0.9881854372672403,0.9888189178768796,0.9883142510962071,0.0007058069090372862,45,0.9988316240425809,0.9994807217967026,0.9993509022458782,0.9990911451571021,0.9989613087509738,0.9991431403986475,0.0002408048499568325,9,0.9984213349390084,0.9986798420307431,0.9986656667201429,0.9983516186974271,0.9986212445666507,0.9985479413907944,0.00013505715911757822,37
84,12.16437087059021,0.1288609858915094,1.4470059871673584,0.01277302154016449,Ordered,Bayesian,CpuPinnedMemory,SymmetricTree,3,0.1,6,100,Logloss,GPU,"{'boosting_type': 'Ordered', 'bootstrap_type': 'Bayesian', 'gpu_cat_features_storage': 'CpuPinnedMemory', 'grow_policy': 'SymmetricTree', 'l2_leaf_reg': 3, 'learning_rate': 0.1, 'max_depth': 6, 'n_estimators': 100, 'objective': 'Logloss', 'task_type': 'GPU'}",0.9931844735817215,0.9944823109380071,0.9940928270042194,0.9940928270042194,0.9946121389159364,0.9940929154888207,0.0004992972055491519,31,0.9876765083440308,0.9900926402470407,0.9889516957862282,0.9892016968762052,0.9903462479083537,0.9892537578323717,0.0009464593010910848,36,0.9988316240425809,0.9989614435934052,0.9993509022458782,0.9990911451571021,0.9989613087509738,0.999039284757988,0.00017610078764852645,18,0.9986362627245027,0.9986755607835465,0.9988653515057331,0.9984726144966468,0.9988066444821653,0.9986912867985189,0.00013762154580450453,31
85,25.504539442062377,0.13848494268183095,1.4525983333587646,0.009847264853667256,Ordered,Bayesian,CpuPinnedMemory,SymmetricTree,3,0.1,6,250,Logloss,GPU,"{'boosting_type': 'Ordered', 'bootstrap_type': 'Bayesian', 'gpu_cat_features_storage': 'CpuPinnedMemory', 'grow_policy': 'SymmetricTree', 'l2_leaf_reg': 3, 'learning_rate': 0.1, 'max_depth': 6, 'n_estimators': 250, 'objective': 'Logloss', 'task_type': 'GPU'}",0.993768661560431,0.9945472249269718,0.9943524829600779,0.9940928270042194,0.9947419668938656,0.9943006326691132,0.0003418913707835544,25,0.9889445944208767,0.9907252350895273,0.990216271884655,0.9899575125531093,0.9907276239536381,0.9901142475803612,0.0006561401759651223,23,0.9987018044917565,0.9984421653901078,0.9985719849409321,0.9983121267203324,0.9988314723448455,0.998571910777595,0.0001836116617507782,40,0.9988097992576506,0.9988407343343518,0.9990828944858312,0.998749083619264,0.999006379833667,0.9988977783061529,0.0001258306237450256,21
86,47.60828070640564,0.247397361720816,1.4578024864196777,0.007306559911261449,Ordered,Bayesian,CpuPinnedMemory,SymmetricTree,3,0.1,6,500,Logloss,GPU,"{'boosting_type': 'Ordered', 'bootstrap_type': 'Bayesian', 'gpu_cat_features_storage': 'CpuPinnedMemory', 'grow_policy': 'SymmetricTree', 'l2_leaf_reg': 3, 'learning_rate': 0.1, 'max_depth': 6, 'n_estimators': 500, 'objective': 'Logloss', 'task_type': 'GPU'}",0.9942230299883162,0.9945472249269718,0.9945472249269718,0.994677052904901,0.9947419668938656,0.9945472999282053,0.00017881949985772187,15,0.9898353062274833,0.9912314635718891,0.9907252350895273,0.9912325941206808,0.9911071014305968,0.9908263400880355,0.0005292191684305078,15,0.9987018044917565,0.9979228871868103,0.9984421653901078,0.9981822903142041,0.9984419631264606,0.998338222101868,0.0002647928910150967,58,0.9989999613895117,0.9990349411461668,0.9992173829558426,0.9988681831967925,0.9991092308982128,0.9990459399173052,0.00011595767624373075,13
87,91.6249267578125,0.3565105342929953,1.4783805370330811,0.013665146431756496,Ordered,Bayesian,CpuPinnedMemory,SymmetricTree,3,0.1,6,1000,Logloss,GPU,"{'boosting_type': 'Ordered', 'bootstrap_type': 'Bayesian', 'gpu_cat_features_storage': 'CpuPinnedMemory', 'grow_policy': 'SymmetricTree', 'l2_leaf_reg': 3, 'learning_rate': 0.1, 'max_depth': 6, 'n_estimators': 1000, 'objective': 'Logloss', 'task_type': 'GPU'}",0.9944177593145528,0.9944823109380071,0.9948068808828302,0.9948717948717949,0.9948068808828302,0.994677125378003,0.0001880386209158604,10,0.9903437620702974,0.9916107382550335,0.991362640195952,0.991996902026591,0.991234854343903,0.9913097793783553,0.000548509114867188,7,0.9985719849409321,0.9974036089835129,0.9983123458392834,0.9977927810958193,0.9984419631264606,0.9981045367972017,0.0004390991482734019,71,0.9991032372829886,0.9991771409177234,0.9993246416823641,0.9990697389211184,0.9991607069963973,0.9991670931601184,8.777094995163917e-05,9
88,4.305247116088867,0.03910636411814149,1.4416037559509278,0.007547147237635469,Ordered,Bayesian,CpuPinnedMemory,SymmetricTree,3,0.1,8,5,Logloss,GPU,"{'boosting_type': 'Ordered', 'bootstrap_type': 'Bayesian', 'gpu_cat_features_storage': 'CpuPinnedMemory', 'grow_policy': 'SymmetricTree', 'l2_leaf_reg': 3, 'learning_rate': 0.1, 'max_depth': 8, 'n_estimators': 5, 'objective': 'Logloss', 'task_type': 'GPU'}",0.9915617291964169,0.9933787731256085,0.9931840311587147,0.9924699772801039,0.9929243752028563,0.9927037771927401,0.0006471264000710933,65,0.985760102629891,0.9886845827439887,0.988177846312002,0.9879084126575766,0.987919290579617,0.987690046984615,0.0010051836614052936,58,0.9975334285343372,0.998182526288459,0.9983123458392834,0.9971435990651779,0.9980524539080758,0.9978448707270667,0.00043918406594490233,77,0.9972178370883114,0.9983522760542799,0.9979385204812001,0.9975454126554274,0.997453863072163,0.9977015818702762,0.0003998262790578321,69
89,5.374906587600708,0.05238128691871589,1.4488054752349853,0.013556986803847286,Ordered,Bayesian,CpuPinnedMemory,SymmetricTree,3,0.1,8,10,Logloss,GPU,"{'boosting_type': 'Ordered', 'bootstrap_type': 'Bayesian', 'gpu_cat_features_storage': 'CpuPinnedMemory', 'grow_policy': 'SymmetricTree', 'l2_leaf_reg': 3, 'learning_rate': 0.1, 'max_depth': 8, 'n_estimators': 10, 'objective': 'Logloss', 'task_type': 'GPU'}",0.9916266389718291,0.9940279130152548,0.9931840311587147,0.9925998052580332,0.9931840311587147,0.9929244839125093,0.0007927298467363251,56,0.9856373429084381,0.9892016968762052,0.988177846312002,0.9881626351003603,0.9880508801233457,0.9878460802640703,0.0011805452776204172,55,0.997793067635986,0.9989614435934052,0.9983123458392834,0.9971435990651779,0.9984419631264606,0.9981304838520627,0.0006177990770409935,70,0.9979718623412562,0.9986744904717473,0.9984239616618698,0.9981550689983664,0.9979079702428374,0.9982266707432152,0.0002867369374048083,49
90,8.381910419464111,0.08912800838837362,1.4516036987304688,0.008453610731528217,Ordered,Bayesian,CpuPinnedMemory,SymmetricTree,3,0.1,8,25,Logloss,GPU,"{'boosting_type': 'Ordered', 'bootstrap_type': 'Bayesian', 'gpu_cat_features_storage': 'CpuPinnedMemory', 'grow_policy': 'SymmetricTree', 'l2_leaf_reg': 3, 'learning_rate': 0.1, 'max_depth': 8, 'n_estimators': 25, 'objective': 'Logloss', 'task_type': 'GPU'}",0.9927950149292484,0.9942226549821487,0.9937033430704317,0.9932489451476794,0.993638429081467,0.9935216774421951,0.00047758227971073943,48,0.9870413138311521,0.9894574440730265,0.988440791163627,0.9879270485486771,0.9884378211716341,0.9882608837576233,0.0007866672567095581,48,0.9987018044917565,0.9990912631442295,0.9990912631442295,0.9987016359387172,0.9989613087509738,0.9989094550939812,0.000176127629810082,27,0.998367733604282,0.998880967944819,0.9985897335759644,0.9984093649686713,0.9983765476919306,0.9985248695571334,0.00019547163271570067,40
91,13.182467460632324,0.054623819469578214,1.4584012508392334,0.021498149684980084,Ordered,Bayesian,CpuPinnedMemory,SymmetricTree,3,0.1,8,50,Logloss,GPU,"{'boosting_type': 'Ordered', 'bootstrap_type': 'Bayesian', 'gpu_cat_features_storage': 'CpuPinnedMemory', 'grow_policy': 'SymmetricTree', 'l2_leaf_reg': 3, 'learning_rate': 0.1, 'max_depth': 8, 'n_estimators': 50, 'objective': 'Logloss', 'task_type': 'GPU'}",0.9933142931325457,0.9944823109380071,0.9942226549821487,0.9940279130152548,0.9943524829600779,0.9940799310056068,0.0004112107818017906,33,0.9879301489470981,0.9898405349794238,0.9897092873681502,0.989452019552354,0.9898366139199795,0.9893537209534011,0.0007256474157725022,34,0.9988316240425809,0.9992210826950538,0.9988316240425809,0.9987016359387172,0.9989613087509738,0.9989094550939812,0.00017612762981008857,27,0.9985430649942599,0.9989864400091248,0.9987813952368867,0.9986836934676899,0.99858224139337,0.9987153670202662,0.0001589049560674574,29
92,22.928580284118652,0.13338940690431436,1.484208059310913,0.02896765855611077,Ordered,Bayesian,CpuPinnedMemory,SymmetricTree,3,0.1,8,100,Logloss,GPU,"{'boosting_type': 'Ordered', 'bootstrap_type': 'Bayesian', 'gpu_cat_features_storage': 'CpuPinnedMemory', 'grow_policy': 'SymmetricTree', 'l2_leaf_reg': 3, 'learning_rate': 0.1, 'max_depth': 8, 'n_estimators': 100, 'objective': 'Logloss', 'task_type': 'GPU'}",0.9933142931325457,0.9945472249269718,0.9945472249269718,0.9945472249269718,0.9949367088607595,0.9943785353548442,0.000553089086072457,23,0.9883063479825238,0.9902200488997555,0.9904725119093601,0.9903450051493305,0.9912371134020619,0.9901162054686063,0.0009718133305349859,22,0.9984421653901078,0.9989614435934052,0.9987018044917565,0.9988314723448455,0.9987016359387172,0.9987277043517665,0.00017221190028687033,33,0.9988994578335803,0.9990413798722659,0.9988576739147957,0.9988495243753484,0.998666265083432,0.9988628602158844,0.00012005252333986145,22
93,52.10580220222473,0.22121881283531605,1.4614384651184082,0.01626121766475855,Ordered,Bayesian,CpuPinnedMemory,SymmetricTree,3,0.1,8,250,Logloss,GPU,"{'boosting_type': 'Ordered', 'bootstrap_type': 'Bayesian', 'gpu_cat_features_storage': 'CpuPinnedMemory', 'grow_policy': 'SymmetricTree', 'l2_leaf_reg': 3, 'learning_rate': 0.1, 'max_depth': 8, 'n_estimators': 250, 'objective': 'Logloss', 'task_type': 'GPU'}",0.9939633908866675,0.9948068808828302,0.9944823109380071,0.9944173969490425,0.9950016228497242,0.9945343205012543,0.0003563698592848273,16,0.989452019552354,0.9914893617021276,0.9909770559422532,0.9905952074207679,0.9913648666065215,0.9907757022448049,0.0007323499203819834,17,0.9985719849409321,0.998182526288459,0.9980527067376347,0.9983121267203324,0.9987016359387172,0.998364196125215,0.00024074160868468096,53,0.9989366610866562,0.999148545894616,0.9991475851422923,0.9990105768043444,0.998884515986295,0.9990255769828409,0.00010773726461316293,15
94,100.56515488624572,0.3772008898491045,1.4723440170288087,0.016533031188992804,Ordered,Bayesian,CpuPinnedMemory,SymmetricTree,3,0.1,8,500,Logloss,GPU,"{'boosting_type': 'Ordered', 'bootstrap_type': 'Bayesian', 'gpu_cat_features_storage': 'CpuPinnedMemory', 'grow_policy': 'SymmetricTree', 'l2_leaf_reg': 3, 'learning_rate': 0.1, 'max_depth': 8, 'n_estimators': 500, 'objective': 'Logloss', 'task_type': 'GPU'}",0.9943528495391406,0.9948717948717949,0.9950016228497242,0.9947419668938656,0.9947419668938656,0.9947420402096782,0.00021711232490955653,7,0.9903425186711305,0.9918709677419355,0.991619391438886,0.9914871662582226,0.9913604126370084,0.9913360913494366,0.0005247768127699255,6,0.9984421653901078,0.9979228871868103,0.9984421653901078,0.9980524539080758,0.9981822903142041,0.9982083924378612,0.00020775513505702156,65,0.9991702452713149,0.999303808526714,0.9993789831822159,0.9991521950679156,0.9991032809759275,0.9992217026048176,0.0001029382334058147,6
95,197.68682403564452,0.48964390093855537,1.5011791706085205,0.018963024077879694,Ordered,Bayesian,CpuPinnedMemory,SymmetricTree,3,0.1,8,1000,Logloss,GPU,"{'boosting_type': 'Ordered', 'bootstrap_type': 'Bayesian', 'gpu_cat_features_storage': 'CpuPinnedMemory', 'grow_policy': 'SymmetricTree', 'l2_leaf_reg': 3, 'learning_rate': 0.1, 'max_depth': 8, 'n_estimators': 1000, 'objective': 'Logloss', 'task_type': 'GPU'}",0.9944177593145528,0.9952612788055826,0.9950665368386887,0.9950016228497242,0.994677052904901,0.9948848501426898,0.0002998993139774537,4,0.9907228449942018,0.9925122643945262,0.9918741132464852,0.9916183107672469,0.9914860681114551,0.991642720302783,0.0005798199616589538,2,0.998182526288459,0.9980527067376347,0.9983123458392834,0.9984419631264606,0.9979226175019476,0.998182431898757,0.00018361167567642602,66,0.9991580604686088,0.9993418509476709,0.9994450896842069,0.999303134314557,0.9992183521358182,0.9992932975101724,9.939912440208063e-05,2
