hash,Type 1
be66b0388f2197c14eb70b3b8086a11d,
f7d1ada986134e8ea72d2264fbb5f511,
69fede561509cc4a9763184f0ea44c1e,
58f72d93c2034a0c9daef501efbfc627,
b13188392e198f49beaee4a732f0d14d,
981e6efc5d47f165cad90d8627b99dd2,
df5ed3f1077e3808641f42c5a52f1a53,
b46afd29c23138f95b60f0b3f6913562,
9d9842908a70dda2a2713feaa85c8125,
e97d69acebb5cd89a28bb525cea82895,
cb3bd86ee139335c0f3b88c9235d5000,
8ae06e4c0d6a4fd8991812c23bf0d7b8,
420f31ed5b546928cd398590deefe6a7,
46ccbe85d62b215384d9f41ec560082e,
1466f90fe6fc4618c63a6a85a4caac2f,
e3482d53af4b9597d917ae78d6f1af28,
e996400cc845b4f8678c45028a075a39,
4406f8355183eeebdf183c4fc5a77447,
e0f7dfacef580f3d2da11ec3fa4f9040,
316707e2696aa1ecfe63ecb299ebfbd6,
074c1cdafa09d21d55dfde8c270337ad,
6326e5c021e96d7d52c6a8fee1700bcf,
a35eae0fc6410a91305c80a08a5e4f38,
c4d19e15709ff3453baf22618d4d0fa9,
65fabd114d8330684f11f68e7c75b7ed,
52831797ff77f1815ff490f48160af8b,
86aa111b8d386279084c0174c1248531,
b126e47c5788b25cf1281f429b28c855,
321df76d9f6dad12a787067101b25996,
7a167e6ca6c123588e449d3079483d8c,
d20820901611a1a95cd31f0316df1b4c,
be57b28dbc32ee05d2b258f463607f0e,
c3364e514f184eb8c30f82f6e9783396,
2a5b40b72528887fa86ccb752154aac9,
2978f118cce8556d0cfa825641b9c54e,
dfd89155d81c63b15652af1145d189dd,
c1586e055bb8f10de4e4ed326baaa716,
7beeb96bff0f31f69993c62adea7597a,
be616bf3a983945a24dbd66e8effb685,
07ce7152dcb4ba99c9b05c4a959be577,
809e3c9f06ff03602efa1c242ad7b6ab,
b5269b01e9344d18910a4d831c00de27,
7e831085ac01638dae93c62ad80aa2d4,
968f8852c68258d3090d63e631fc4e8e,
b60e061a1aa921197e23e2955bef222b,
85b15ca033a5e81fefcfd4dbd4d7f859,
88f086f80b3f8d297d90f973754b1c31,
905104db01d575b91277c853340a46ff,
6a9bb39936dda1776bc5d2fdf0a99f6d,
cd6b1a7af9f2a4d3855afb90d00416ac,
a815ec7fb0c6218884fb5c9e3860de89,
a2a8827909e9066b8e54a6bd2798d4b8,
95d9b328bcc70625a490f34ef00122f3,
602cd1f0dd54e83de1413705aa378803,
7678d23c6dfc0e5afb1100812c78fad1,
439c74d2f70fbfc87e20be1068e8ce2c,
ca07e0d579f70913b68fd6e091da5565,
991032218c0de1e576bd5af6f91433cc,
cf85ff5703f20f46d99e793d2eba853e,
78ba2c14e5596ae24d404a0ce7eac777,
dfca4cc29c80d9090cbd404d5e8f6181,
1c8cd848566aa65d0734c4addbda6400,
b44f327cf20905cdd6d42e40a9d6e4ae,
357b0f1f5b4505b216d4dc9b488e556f,
0f1bc93d86516f9d6728d75b3b170083,
56958d31b88ca8d21cd7d4db104f60a9,
3cc275c7ca8570b996555eb66f1b746f,
afecee46b974068aec8bc3f637f02826,
423b4bbc2198d15e2b437db5a4da8e28,
b7e070cd140510bd504683ac48939bf1,
90bbe2fbbe018d53ff70bfd9342b1716,
13f183cb489930c8900e9b6c24be9037,
91b7948aa03a8180c8e995e7b7a75aa3,
abdf225968c239aa373360d53975023a,
590e8bd02af3a87b88aab48db197f76b,
a0d196447c32f2d1bb026ad1f9d62510,
a717e91617aa6ae6d318106e38764a33,
df7a53aba52f14b0faa3fa56ecafde36,
202a0a176c96496b8c3b9d48fb00fc5f,
092fdb0b6f345e38ae79f516aade4c6a,
c258c586e0beae9b3884a6e8a6b9e5b5,
f43cf1b7b517504cbf507496deae384c,
01f7881f6364ff42c51b3957e8891a8b,
ef29f2b5a6fd5e56b660b8fe71843a60,
d67cc4c0cd3d9e41ccbb9a9c4c17fa7d,
e3bde8df527e71d8fd2410ae7397e314,
76859d9511eabfbfc1e6e4b323fe113c,
d813c4c115b9040c301de7cf3632464b,
5e521c033b75a21ab81eae00e2b97990,
35a90a881012911b3885083a994b4bf7,
84f48ff9c8b5850333f40c259889d694,
62dcf7beef8d35a83d4a9cb3612dbbfd,
74fa0176f1708f561bb20a4cfbbc0f1e,
e652597a0befffdefb2cb9ac8d58ff88,
860cf64ac085024f96bc5b47fa05c062,
b11f344d9cd3adbb9593982076588008,
45b3438141d8e1c97694e181ab3aef1e,
e44fea4913fc9fd91b8b07c4670aeac4,
3d01135cbe331441175b6c92b1d2aa5a,
02f8fc3d93ae08e3ff640a044beeca78,
1e951e599855bea5252457828e113175,
8fe5ec78ac0fa93528ba732707de93a3,
7aea75d949dc1434f8b95bacb675b593,
2d388bcf0ed35792db09f15f5f462133,
c5b2ca1fc8d715252112d1e83c88fc2c,
ce3e9aa833f741f8ad479ba69fceb28c,
0f86b17f876a3caee7e703e82c445c7b,
f2f5d51315d83e0b5de4be11dae20c3a,
e0fb1e2a8b3a001bfe423f72155f3ae9,
aafc03a9de247ed8a1dce75d579b258b,
34a6f9b457094e645b6524a4894d646c,
66d0a38aa0a231647874756892b5e00b,
ba2861ac3f6a4ac55d98a347bfd14fe6,
40fb2eeeb8a67cd8ffab36ec0a34cfe0,
4d3fe7adcc4959ede7c398a0e81c6cb2,
2cc5936c09f2440bfbe18fe051921978,
46d7fd84e5b0f5e1fcdef83849adc51f,
6eb607ed4ed0b99d5f42735430e87959,
7569f3ccb35b2d113ec6c2add4bcded1,
f9e8887c10365c5551b07f045cd5378b,
b6bbfe84487e27585a6df109c6a478f7,
cb5d3a71eb7d24691ee6259caad49f63,
8074442fe2c934e6f1fd8a6d23ecfaca,
a2c61a104ec483c181516a701c61badf,
9249772def357c01dafb974cbc340d0f,
7fa132c48d78e5d16d8c154b4ca8c291,
b45cdf67be92cc5398021aa2d0cc3388,
8d25794092a435740dc890424fe08cc0,
68b85563cf414abe8de1a1eadb7aceb3,
b54f753de17f9b0627f645d4790d5d2c,
3cc91ee8edfb8ab2dc983109c12f27d3,
5e4a85ad2d25853aa785583b4006594c,
bdd5a91c95acab19993ffb01b5e32262,
8f1a0889739a60387b64d3c209f86ed3,
e57ed5a8ca43a064472c8fded7a88651,
ccb979e823d0040bc8c4fa31fdacb579,
0f6a3ae229fc3bb12bbb460e4c40caaf,
c85687d589fc1ba1c7a2205888f8958c,
a6ba0a6109f11cf0055ed96e39ef73da,
29c3fe80c216ec5a04c23e1965c38618,
4d2ba637ad1acd92d30e1a8040243a6c,
20f8153dd0b2a11d371dcae7fab5e669,
1f199324c9fbf62f8d945ea9a75a2095,
a530b53e6d7c5184d1f852ca8544e4cb,
1a3cd55e21cce2f9f06d34f6b06f5162,
14f566394852953738b4457ddfb588e5,
d813045909fb87d53be5355ec93a9b37,
6407df0ed91404cc2dc23b0cc3ae1b42,
3230cc185d1e9be828b07c99aa815fe3,
81273957947189125cbcdbda7279cc5d,
bbc784eeed2ba2edff37ad3717f3faba,
461eaf5d8e096b0f91b39f7110271548,
5b862020ffa2f454574898ef10f7bf84,
4c318e11353302b665559c1c37e280e9,
bfa8943ba340b95ed2db25c715136ecf,
f341b369aec3591c98abb5a894e8930c,
1c83e512bdbe59b219a4c07c366fe40b,
c01a821385bab44d12b543a4248df461,
f0aae5b6c8cb2d459476395e09889ef1,
3f5fd7302ea9694cc752ac993e317c82,
bf8d02f88df5ce9881c1c1714d92ba8e,
e94137fc06d0f459751c56a72ec108d0,
05c0b14144bdeab7ed0a1f155c9e1b46,
169d5fe4f72165a410765de6bc196284,
a1b7bead4b5f2a6166bc9ce8c39c604a,
d2eebf47d35bc30595e639b02658659b,
d61d611673e76d177a645a856e34ceb5,
c5caf0e2f97b8446c2da4ae5a66bc972,
5d1f4976885e959d2d62691e930976b1,
fe18fd6f8b37fbc8e495cb1bc89f58fd,
53c9c0031c54fd1fbe91624f5a797d3e,
814f91b911f9d5b76324f36dcbedae60,
ca9ff58d679441e7247173db342349b9,
5dc7b1e864423a717341b3ad6738014c,
a7a0ade20762ad71d267e33f121d957d,
0cfe386e4e997216e322a682fde85405,
1baaca7f70092afde0347f26ca56689c,
065b24fe4018ff1dce95e551064fdf89,
e90b99c8b0e3bf0a48bf34869d776a7a,
61c387bdab42ea873fcd82d57136936f,
a511b5795357d2ab743358cc78b5e670,
3bcd131bdf68c8658d16eb45f7bf34af,
dc70ba9c3560fd8f6712baa86a40b098,
c5f4c4a49f47aca57ca863b378570496,
3f85cb0daf85c5cbc3b8f0054d80c34f,
d027ca702c640fa2dbe3a88cb87c192f,
0ad102f6320badda10efc63c5de3e5ab,
2c93022e8319abb5dd5571928a4b2405,
17eaf78b0907721ebac56bc5c498b07a,
23bace043e9f21bde4b479e6ca40b6ae,
5f2ed00b26beb6602f9ef22cb19ef35d,
c2ceff9fc59c9fe6709d2678f328c3c0,
e8532ccd74b985281dc2b6dd6127e1db,
ed81f3d4c2b18c9d52ed418763739a7d,
559d17d81cf60b486770dea7953def35,
b9489b1697aae7e2972afaac52f40510,
0529ab39c4ba0c37ae8633634f16c8fb,
1ebe9a328fdde130d05d6e9a40be80c1,
80944996bb86a30e426899ff40bfc258,
5633ff572bd72772d55a6e8657fb17cc,
e0750f417db82137aeef7f5b068db6c2,
935f09855110874799fbaf4330032ad3,
c0bb3e843c4c2e82138d7d049a62ce3a,
52fe900d2e97113e0f8c3519b5ab4f1e,
7821a5f2f1d1c14a53bc18aedd05a67d,
ac70885086d4f3603901d28104ee19e2,
2ee58904b907de96207d1c262cbe1a71,
b8a0a03c72a15be2b1aa557f44b3f6e4,
f878b89e616467629480dcfa074b97d9,
9e9ce516f55555b567f2034c9e18a76b,
577a26c38b70041a958d025e9167ac0a,
1c88581d070c6af64041110498983daf,
32ac82124e327c27c6fb9824a68d8873,
afe8575358ab551fa9ac459d756db2fa,
cca8cb6b8af7e4ea0151e44b27bf94a4,
045438767e73e6e2b5336d42d0784051,
b3bbc16805b032967460e82e233bf009,
ba33d7647994d26d006d72fdbf44d096,
67e41664e9b5fb795180f8b76d67d719,
4467953b39f9c701de83156e1785f73b,
4361baef03b1b40c80e0e8f73473f0b8,
a17bd21b9325f966447a8afd1ce856d6,
a360716fd94ac50cb3314d9cf9628e1b,
b02e7ab726b9d2b3416ea7a5119c8b10,
217970807778c79cf14d29fae652f436,
c82e5caa0d565715e59b5cee7b5d6b15,
8fe319558c6f221efde51f3acc33b19c,
2073c855bc8b81b56daeec3dfba079ce,
807eac1fc13219780916052dce7cf60a,
468e7063de0145f15745090cfeecb36a,
bf360d378f45b58bba2e9c11f357ddae,
d177eb9921aa55d7ef1807152f3a87ef,
8f8a5e90ddc054d4c657d13554e2f0df,
9e0f8c95b3f7dd7a363092bcab3649ee,
2fa07e2e1f2a30b8afed087accb3423f,
1eb4ecd9460e8566d70c5ed9edd7b07c,
403afd4182e12afa57d716eea99857f1,
9221040241fd7be32c0d122d83448e54,
1100fd12e1df3872457b32310599d8ca,
907f263c596532d27906c7a3953be16c,
7a57e0f8698b90ce814fad34f4850e16,
438b549d14f4773721c9aed48d56c38e,
f912741e9979c034abe1beee443ec767,
cae9de5e3d41c6d1500e1529326b7cac,
0da271df04addbb2c0e312892b798e1e,
ac92218bc01aff39567a04077f8e11d9,
4e56930cf805dec0a25a20b5c6bbeb9f,
35a00851b988f27a1e2e87986a3f321c,
e6a969a3387b96a56c9b370dc1d3a95a,
843af8fdcf9b265e95786be648a6b380,
699542f6a9c9faaa62388c34a24df658,
bd0acbf82201a59e70bccff2f045f408,
eb4f8e33a9ecefdb18c8df3256c66245,
566fb553c958923899f8eaf4267eed83,
f5889eef087fa63932450bfaf43696a6,
f5c4892f7d3e67d20b2183f8e7f86c47,
0a147c93f9e4b357953826c1747d99c1,
f1289dd26b68b8f86da3318cac5dcc29,
6d148c7bb9acf184871175ff983686da,
c29734051b031f6222914b7055656148,
3784cc23e8487e705a493b4fd942c1e6,
d41fb649b464e31f859254d895fd39dd,
25df7c5fb103de234f36d4a1f79987f5,
0bb1ef6df90543511dc82f3a437fca2e,
5a41ca2f6a7827c9ba2db64b64784c6a,
69be6e4d594a8593453ef5c91a3eda3b,
f894e726601547fa0a481921282f43c7,
34258eee57794f337e110edf2aef1a45,
e5d255461babf3354a4deb3a8c90cd9d,
87a06d06cd4bd96756344a80b948eff0,
ad3fa2a42db8ba6d9df2136a1771fb2b,
814ef92e55ce8c6ed299e28c28b15ed8,
fe82913f581249dd02dfe38113e9dccb,
539cd4134ce8e6300b3e7bc12f1818d5,
196e193061d806ee37a6fd13db56f08f,
ab17b1d656f374325547a005c7247d25,
05d76f8571f4a27b720792abc136b7a4,
a5c7a233a058ce4302ed8ebb5c4e63a1,
5643c076e14dad4b0c75d87971bf3192,
040fba4f58d100c85d6e426f4387c185,
eed11f9474a49bbd570763a3c0e4d8f9,
3bd128531d0224ec4f1db1e8546a56be,
bfac64cb5aec3d57d40deba2c80b8236,
f8a5ce33d14725da0ab0839366924250,
a09cf44ff3e06de197a21fd0e692df92,
31f2b0a74cc4237f0a8bf2517c5f3c7a,
17fbe3734145d356f320cc948ec93ddb,
f480e70da87d1dea07c94377d642e9c5,
f93543f89c4f1cc7eed770cff0f1ae5d,
6abdb37e40beb9cf5b4891dfa214c30d,
e7b61b8535c96db2f18fac4566da9402,
f890a95e264887d2551a5d29857d967a,
a842fbb01895aa80ad09c0d19a007281,
03ae6ae7ce1d6c3c32fc07765435a4d0,
27b23cafb241ae079b7e9bb3c3a15455,
e6af52df1ad90df8182552adc8e518de,
e2f7153d3cb19a742f9b0f46bf2b5913,
6ea57606790a5846e1cf6a89c3b54320,
484a26c7fc8c7c610aff16da705332ff,
7dae2baf7a9b2283a47cf699bdc10c5e,
d12e8b740c604e4ca96f079443e5fa5e,
19298a041bf947bb30ef5727bfaed2e2,
d9f93bbc641415673cd2e3a4b417150a,
adb3756d43096cb5541cd0fbc18cea8d,
e74cc80de1cbe9a024d436a49c93819e,
f32ff92c5e7782dc03c26440b90836c5,
f49aa3b1752e1d37735462b2662eed31,
cd3e0ea80f6596528c7590017b11f4e4,
44d431ee85e63761849f80465d48c99a,
ecafd811373c49185f9d0c4beb4d0c09,
6df261e78136783aa671641b8cc0e8ba,
3cc2d9db631c22503e1e9e3b518e2480,
c3c98c9967cfc1163acb7e0c5f3b8bc5,
83c17bdf956e02a87d2b72e3a2b0c7c4,
b08837daabe3870a633044e992be918c,
12c1702d720f8a2ca0bd6754219d38aa,
d22f14cf725f924862e5e640e94ba704,
eb5aaad38dbfc0d6c20aa4b6d7b99966,
55688c652f054f75d37d9bc58c682c4e,
982beb09b939d5bda28e1ea42c332a61,
f0158bcfed2b9d7a4594da2ee8679377,
d6fedce7e8ac8f734f87879077d7da47,
12f7ba80fc586a28eb9c5f5bc377ded8,
a61149d982ff1b00fbbafd576754217e,
70daf290a0d14b6a31835e7adfdde550,
48326af3f862e9bbc79bc3626abd5276,
d1c63eb66dd35e7f1f2f971e7fa178fd,
8720d7c686aceded507fa4ec2aad1f02,
15d40aef7ebc5d0b8b060c5edb66e65e,
a16e18c114139b31b3d2e60bd2cfaf99,
810f0325b5f78be564a3894579aa03c2,
c30214281d2658c045ba4b9075f05412,
9b228ee0a7cc02d7ff474e03d96f6735,
e35b2cb9f843604c9aa5e64e55a5caab,
40ffcbe8e20e3549378c51ed97cf79fc,
fd8db78caea6286dd8799f229709125d,
52a8c681bc9a52aaae0e71667b447d05,
